{"stats":{"minecraft:used":{"minecraft:chicken":1},"minecraft:dropped":{"minecraft:bundle":12},"minecraft:picked_up":{"minecraft:chicken":1},"minecraft:custom":{"minecraft:time_since_rest":8035,"minecraft:walk_one_cm":19707,"minecraft:leave_game":1,"minecraft:mob_kills":1,"minecraft:walk_under_water_one_cm":419,"minecraft:damage_taken":480,"minecraft:damage_dealt":40,"minecraft:play_time":11823,"minecraft:jump":239,"minecraft:time_since_death":7989,"minecraft:drop":12,"minecraft:sprint_one_cm":69891,"minecraft:open_chest":5,"minecraft:inspect_hopper":16,"minecraft:fall_one_cm":10375,"minecraft:swim_one_cm":12125,"minecraft:total_world_time":11823,"minecraft:fly_one_cm":66147,"minecraft:walk_on_water_one_cm":6231,"minecraft:deaths":1},"minecraft:killed":{"minecraft:chicken":1},"minecraft:killed_by":{"minecraft:spider":1}},"DataVersion":4440}