{"stats":{"minecraft:custom":{"minecraft:time_since_rest":2203,"minecraft:walk_one_cm":8647,"minecraft:walk_under_water_one_cm":419,"minecraft:damage_taken":480,"minecraft:play_time":5991,"minecraft:jump":156,"minecraft:time_since_death":2157,"minecraft:sprint_one_cm":52913,"minecraft:fall_one_cm":8050,"minecraft:swim_one_cm":12125,"minecraft:total_world_time":5991,"minecraft:fly_one_cm":42121,"minecraft:walk_on_water_one_cm":6231,"minecraft:deaths":1},"minecraft:killed_by":{"minecraft:spider":1}},"DataVersion":4440}