{"stats":{"minecraft:custom":{"minecraft:talked_to_villager":20,"minecraft:time_since_rest":15590,"minecraft:walk_one_cm":20033,"minecraft:leave_game":9,"minecraft:walk_under_water_one_cm":913,"minecraft:damage_taken":20,"minecraft:damage_dealt":189,"minecraft:play_time":15590,"minecraft:jump":101,"minecraft:time_since_death":15590,"minecraft:drop":1,"minecraft:open_barrel":1,"minecraft:sprint_one_cm":16658,"minecraft:open_chest":3,"minecraft:fall_one_cm":1695,"minecraft:swim_one_cm":517,"minecraft:total_world_time":15590,"minecraft:fly_one_cm":20556,"minecraft:walk_on_water_one_cm":3107,"minecraft:crouch_one_cm":3011,"minecraft:sneak_time":2517,"minecraft:climb_one_cm":101,"minecraft:player_kills":1},"minecraft:dropped":{"minecraft:iron_axe":1},"minecraft:used":{"minecraft:apple":4},"minecraft:picked_up":{"minecraft:iron_axe":1}},"DataVersion":4440}