{"stats":{"minecraft:used":{"minecraft:piston":12,"minecraft:repeater":2,"minecraft:chicken":1,"minecraft:lever":1,"minecraft:redstone":22,"minecraft:bundle":2,"minecraft:cobblestone":4,"minecraft:hopper":3,"minecraft:comparator":1,"minecraft:diamond_pickaxe":69,"minecraft:glass":2,"minecraft:redstone_torch":3,"minecraft:cooked_porkchop":2},"minecraft:crafted":{"minecraft:lever":1,"minecraft:wooden_sword":5,"minecraft:hopper":1,"minecraft:chest":1,"minecraft:redstone_torch":1,"minecraft:piston":2},"minecraft:custom":{"minecraft:time_since_rest":553,"minecraft:leave_game":4,"minecraft:mob_kills":1,"minecraft:damage_taken":480,"minecraft:time_since_death":32109,"minecraft:open_enderchest":2,"minecraft:sleep_in_bed":3,"minecraft:total_world_time":35943,"minecraft:swim_one_cm":12125,"minecraft:crouch_one_cm":5032,"minecraft:deaths":1,"minecraft:interact_with_crafting_table":7,"minecraft:walk_one_cm":50729,"minecraft:walk_under_water_one_cm":419,"minecraft:play_time":35943,"minecraft:damage_dealt":40,"minecraft:jump":302,"minecraft:drop":25,"minecraft:sprint_one_cm":77508,"minecraft:open_chest":42,"minecraft:inspect_hopper":45,"minecraft:fall_one_cm":10595,"minecraft:fly_one_cm":74148,"minecraft:walk_on_water_one_cm":6231,"minecraft:sneak_time":2030},"minecraft:picked_up":{"minecraft:hopper":2,"minecraft:cobblestone":4,"minecraft:rail":3,"minecraft:poppy":1,"minecraft:redstone_torch":4,"minecraft:wooden_sword":1,"minecraft:lever":1,"minecraft:chicken":1,"minecraft:redstone":41,"minecraft:torch":1,"minecraft:repeater":3,"minecraft:bundle":1,"minecraft:shulker_shell":8,"minecraft:rotten_flesh":2,"minecraft:piston":14,"minecraft:comparator":1},"minecraft:killed_by":{"minecraft:spider":1},"minecraft:mined":{"minecraft:torch":1,"minecraft:comparator":1,"minecraft:piston":14,"minecraft:lever":1,"minecraft:rail":3,"minecraft:glass":4,"minecraft:hopper":2,"minecraft:repeater":3,"minecraft:cobblestone":4,"minecraft:short_grass":1,"minecraft:poppy":1,"minecraft:redstone_wire":41,"minecraft:redstone_torch":4},"minecraft:dropped":{"minecraft:shulker_shell":16,"minecraft:bundle":23},"minecraft:killed":{"minecraft:chicken":1}},"DataVersion":4440}