{"stats":{"minecraft:broken":{"minecraft:golden_leggings":1,"minecraft:golden_chestplate":1,"minecraft:iron_axe":2,"minecraft:iron_hoe":2,"minecraft:shield":2,"minecraft:iron_pickaxe":4,"minecraft:diamond_pickaxe":1},"minecraft:killed":{"minecraft:pillager":11,"minecraft:skeleton":5,"minecraft:phantom":2,"minecraft:iron_golem":2,"minecraft:pig":5,"minecraft:piglin":5,"minecraft:spider":10,"minecraft:zombie":25,"minecraft:turtle":4,"minecraft:creeper":3,"minecraft:zombie_villager":2,"minecraft:chicken":2,"minecraft:enderman":5,"minecraft:hoglin":2,"minecraft:sheep":45,"minecraft:drowned":1,"minecraft:cow":20},"minecraft:crafted":{"minecraft:diamond_boots":1,"minecraft:cherry_boat":5,"minecraft:arrow":16,"minecraft:book":25,"minecraft:iron_chestplate":4,"minecraft:crimson_planks":508,"minecraft:stick":11792,"minecraft:minecart":5,"minecraft:crimson_stairs":36,"minecraft:cherry_slab":24,"minecraft:iron_helmet":22,"minecraft:diamond_axe":1,"minecraft:iron_block":96,"minecraft:diamond_pickaxe":1,"minecraft:chest":4,"minecraft:bookshelf":16,"minecraft:bow":1,"minecraft:redstone":16,"minecraft:bucket":1,"minecraft:dark_oak_planks":80,"minecraft:glass":3,"minecraft:blast_furnace":3,"minecraft:iron_hoe":4,"minecraft:rail":128,"minecraft:iron_shovel":4,"minecraft:iron_sword":3,"minecraft:hopper":7,"minecraft:cooked_mutton":50,"minecraft:iron_boots":3,"minecraft:anvil":1,"minecraft:smooth_stone":16,"minecraft:crimson_slab":12,"minecraft:spruce_slab":48,"minecraft:charcoal":2,"minecraft:cherry_planks":1168,"minecraft:barrel":5,"minecraft:iron_nugget":8,"minecraft:emerald":431,"minecraft:paper":75,"minecraft:furnace":3,"minecraft:black_bed":1,"minecraft:golden_boots":1,"minecraft:lead":6,"minecraft:dark_oak_slab":12,"minecraft:stone":16,"minecraft:crafting_table":6,"minecraft:white_bed":2,"minecraft:enchanted_book":13,"minecraft:baked_potato":255,"minecraft:shield":8,"minecraft:lectern":14,"minecraft:spruce_planks":5292,"minecraft:iron_pickaxe":11,"minecraft:iron_axe":13,"minecraft:iron_leggings":4,"minecraft:spruce_button":64,"minecraft:cobblestone_stairs":4},"minecraft:mined":{"minecraft:torch":12,"minecraft:nether_quartz_ore":2,"minecraft:chest":3,"minecraft:pumpkin":8,"minecraft:netherrack":1354,"minecraft:carrots":2,"minecraft:spruce_sapling":5,"minecraft:lectern":155,"minecraft:gravel":13,"minecraft:short_grass":75,"minecraft:weeping_vines":4,"minecraft:weeping_vines_plant":10,"minecraft:dirt_path":44,"minecraft:spruce_planks":32,"minecraft:crafting_table":2,"minecraft:magma_block":146,"minecraft:obsidian":26,"minecraft:copper_ore":37,"minecraft:firefly_bush":1,"minecraft:nether_wart_block":67,"minecraft:andesite":32,"minecraft:jungle_planks":16,"minecraft:packed_ice":135,"minecraft:blast_furnace":1,"minecraft:glowstone":1,"minecraft:purpur_block":7,"minecraft:wall_torch":43,"minecraft:jungle_stairs":1,"minecraft:yellow_bed":1,"minecraft:fire":3,"minecraft:warped_fungus":1,"minecraft:kelp_plant":1,"minecraft:potatoes":8,"minecraft:iron_block":4,"minecraft:purpur_stairs":7,"minecraft:stone":781,"minecraft:cobblestone_stairs":1,"minecraft:dandelion":2,"minecraft:glass":3,"minecraft:coal_ore":148,"minecraft:diorite":103,"minecraft:oak_planks":20,"minecraft:cobblestone":209,"minecraft:white_bed":19,"minecraft:chorus_plant":1,"minecraft:end_stone":216,"minecraft:end_stone_bricks":2,"minecraft:brewing_stand":1,"minecraft:crimson_slab":10,"minecraft:spruce_stairs":2,"minecraft:fletching_table":1,"minecraft:bookshelf":2,"minecraft:crimson_roots":12,"minecraft:crimson_nylium":58,"minecraft:tall_grass":5,"minecraft:wildflowers":1,"minecraft:barrel":8,"minecraft:tall_seagrass":4,"minecraft:rail":312,"minecraft:crimson_stairs":11,"minecraft:dirt":333,"minecraft:crimson_fungus":4,"minecraft:hopper":6,"minecraft:grass_block":83,"minecraft:spruce_leaves":782,"minecraft:carved_pumpkin":3,"minecraft:white_wool":12,"minecraft:ladder":8,"minecraft:cherry_button":3,"minecraft:nether_gold_ore":3,"minecraft:sand":10,"minecraft:spruce_slab":3,"minecraft:cherry_planks":23,"minecraft:cherry_slab":6,"minecraft:stonecutter":1,"minecraft:crimson_planks":22},"minecraft:dropped":{"minecraft:dark_oak_sign":6,"minecraft:iron_axe":3,"minecraft:iron_shovel":1,"minecraft:oak_planks":1,"minecraft:lectern":1,"minecraft:porkchop":6,"minecraft:magma_block":23,"minecraft:mossy_cobblestone":6,"minecraft:stonecutter":1,"minecraft:lead":1,"minecraft:crimson_roots":11,"minecraft:gravel":3,"minecraft:bone":1,"minecraft:glass":1,"minecraft:wheat_seeds":9,"minecraft:iron_ingot":61,"minecraft:cobblestone_slab":8,"minecraft:flint_and_steel":1,"minecraft:enchanted_book":3,"minecraft:dark_oak_slab":4,"minecraft:crossbow":1,"minecraft:filled_map":2,"minecraft:cherry_button":23,"minecraft:cherry_planks":316,"minecraft:minecart":14,"minecraft:light_gray_wool":3,"minecraft:grass_block":1,"minecraft:diamond_pickaxe":1,"minecraft:book":3,"minecraft:dandelion":1,"minecraft:string":3,"minecraft:iron_leggings":1,"minecraft:seagrass":3,"minecraft:spruce_stairs":1,"minecraft:crimson_nylium":49,"minecraft:stick":923,"minecraft:spruce_sapling":13,"minecraft:arrow":2,"minecraft:carrot":1,"minecraft:carved_pumpkin":4,"minecraft:prismarine_crystals":2,"minecraft:firefly_bush":1,"minecraft:iron_boots":1,"minecraft:iron_pickaxe":2,"minecraft:diorite":64,"minecraft:rotten_flesh":81,"minecraft:cobblestone":5,"minecraft:cherry_boat":3,"minecraft:iron_helmet":10,"minecraft:spruce_planks":1008,"minecraft:nether_wart_block":7,"minecraft:iron_chestplate":1,"minecraft:cobblestone_stairs":9,"minecraft:pumpkin_seeds":12,"minecraft:bricks":2,"minecraft:end_stone":41,"minecraft:bucket":1,"minecraft:bundle":2,"minecraft:diamond_helmet":1,"minecraft:white_wool":25,"minecraft:dirt":12,"minecraft:weeping_vines":3,"minecraft:black_wool":2,"minecraft:iron_hoe":1,"minecraft:raw_copper":10,"minecraft:ominous_bottle":1,"minecraft:cherry_slab":11,"minecraft:sand":13,"minecraft:birch_boat":1,"minecraft:cherry_sign":12,"minecraft:shears":2,"minecraft:nether_gold_ore":2,"minecraft:ender_pearl":4,"minecraft:emerald":69,"minecraft:rail":10,"minecraft:potato":16,"minecraft:crimson_stem":16,"minecraft:chicken":1,"minecraft:oak_stairs":9,"minecraft:netherrack":294,"minecraft:mutton":4},"minecraft:killed_by":{"minecraft:player":1,"minecraft:zombified_piglin":1,"minecraft:enderman":1,"minecraft:piglin":4,"minecraft:iron_golem":1,"minecraft:drowned":7,"minecraft:pillager":3,"minecraft:zombie":1},"minecraft:custom":{"minecraft:time_since_rest":69184,"minecraft:talked_to_villager":489,"minecraft:leave_game":40,"minecraft:damage_taken":10787,"minecraft:mob_kills":152,"minecraft:boat_one_cm":961071,"minecraft:time_since_death":69118,"minecraft:interact_with_furnace":39,"minecraft:sleep_in_bed":21,"minecraft:inspect_dispenser":14,"minecraft:swim_one_cm":206916,"minecraft:total_world_time":1300371,"minecraft:crouch_one_cm":150613,"minecraft:climb_one_cm":9204,"minecraft:deaths":20,"minecraft:interact_with_campfire":4,"minecraft:traded_with_villager":486,"minecraft:damage_blocked_by_shield":26552,"minecraft:interact_with_crafting_table":108,"minecraft:walk_one_cm":1914789,"minecraft:walk_under_water_one_cm":24837,"minecraft:damage_dealt":25080,"minecraft:play_time":1300371,"minecraft:jump":11947,"minecraft:drop":286,"minecraft:bell_ring":185,"minecraft:open_barrel":392,"minecraft:sprint_one_cm":2944821,"minecraft:open_chest":131,"minecraft:inspect_hopper":9,"minecraft:fall_one_cm":229344,"minecraft:fly_one_cm":2731282,"minecraft:interact_with_anvil":2,"minecraft:walk_on_water_one_cm":73358,"minecraft:sneak_time":50487,"minecraft:interact_with_blast_furnace":1},"minecraft:picked_up":{"minecraft:cherry_sign":26,"minecraft:brewing_stand":2,"minecraft:shears":3,"minecraft:minecart":39,"minecraft:cobblestone":1161,"minecraft:glass":33,"minecraft:flint":2,"minecraft:purpur_block":4,"minecraft:bone":11,"minecraft:dark_oak_sign":8,"minecraft:firefly_bush":1,"minecraft:iron_sword":3,"minecraft:white_banner":1,"minecraft:emerald":197,"minecraft:crimson_roots":25,"minecraft:book":6,"minecraft:salmon":12,"minecraft:crimson_fungus":2,"minecraft:cherry_button":29,"minecraft:bow":4,"minecraft:birch_boat":1,"minecraft:arrow":14,"minecraft:iron_ingot":1536,"minecraft:end_stone":234,"minecraft:dark_oak_planks":59,"minecraft:crossbow":2,"minecraft:dandelion":2,"minecraft:lava_bucket":1,"minecraft:mutton":82,"minecraft:golden_carrot":66,"minecraft:diamond_leggings":3,"minecraft:crying_obsidian":1,"minecraft:spruce_planks":1315,"minecraft:dirt":986,"minecraft:rail":440,"minecraft:stonecutter":2,"minecraft:crimson_nylium":49,"minecraft:diamond_helmet":5,"minecraft:iron_shovel":9,"minecraft:crimson_stem":209,"minecraft:torch":71,"minecraft:diamond_pickaxe":8,"minecraft:cherry_log":483,"minecraft:ender_eye":1,"minecraft:cobblestone_stairs":1,"minecraft:bread":31,"minecraft:spruce_log":1413,"minecraft:oak_stairs":64,"minecraft:coal":148,"minecraft:oak_log":32,"minecraft:oak_fence":2,"minecraft:sand":40,"minecraft:furnace":1,"minecraft:wheat_seeds":68,"minecraft:iron_pickaxe":4,"minecraft:seagrass":3,"minecraft:weeping_vines":10,"minecraft:egg":3,"minecraft:diamond_sword":1,"minecraft:hopper":6,"minecraft:totem_of_undying":2,"minecraft:poppy":127,"minecraft:cooked_beef":9,"minecraft:white_wool":147,"minecraft:fletching_table":9,"minecraft:blast_furnace":13,"minecraft:andesite":46,"minecraft:ender_pearl":27,"minecraft:string":24,"minecraft:obsidian":49,"minecraft:nether_wart_block":63,"minecraft:ladder":19,"minecraft:filled_map":3,"minecraft:iron_helmet":3,"minecraft:warped_fungus":1,"minecraft:diamond_axe":2,"minecraft:carrot":103,"minecraft:spruce_sapling":138,"minecraft:iron_block":23,"minecraft:glowstone":25,"minecraft:white_bed":25,"minecraft:bucket":9,"minecraft:leather":26,"minecraft:gold_nugget":12,"minecraft:lead":32,"minecraft:water_bucket":1,"minecraft:baked_potato":253,"minecraft:chorus_fruit":8,"minecraft:coast_armor_trim_smithing_template":2,"minecraft:carved_pumpkin":5,"minecraft:porkchop":24,"minecraft:stick":1758,"minecraft:dark_oak_fence":26,"minecraft:black_wool":5,"minecraft:chicken":1,"minecraft:diamond_boots":7,"minecraft:golden_chestplate":2,"minecraft:crimson_stairs":11,"minecraft:iron_axe":10,"minecraft:diamond_chestplate":3,"minecraft:glowstone_dust":2,"minecraft:pumpkin_seeds":12,"minecraft:end_stone_bricks":2,"minecraft:wheat":14,"minecraft:cherry_boat":29,"minecraft:cherry_planks":525,"minecraft:cherry_slab":6,"minecraft:gunpowder":2,"minecraft:chest":5,"minecraft:lectern":156,"minecraft:nether_gold_ore":2,"minecraft:yellow_bed":2,"minecraft:netherrack":1192,"minecraft:crimson_planks":28,"minecraft:magma_block":120,"minecraft:stone":1,"minecraft:short_grass":1,"minecraft:gravel":12,"minecraft:smooth_stone":40,"minecraft:light_gray_wool":2,"minecraft:jungle_planks":14,"minecraft:bell":1,"minecraft:leaf_litter":5,"minecraft:phantom_membrane":2,"minecraft:potato":206,"minecraft:grass_block":2,"minecraft:shield":5,"minecraft:pumpkin":8,"minecraft:spider_eye":8,"minecraft:bone_meal":4,"minecraft:dark_oak_log":20,"minecraft:ominous_bottle":1,"minecraft:diorite":126,"minecraft:wooden_pickaxe":1,"minecraft:oak_boat":1,"minecraft:cherry_sapling":79,"minecraft:oak_planks":70,"minecraft:flint_and_steel":1,"minecraft:crafting_table":2,"minecraft:raw_copper":136,"minecraft:bundle":3,"minecraft:beef":38,"minecraft:rotten_flesh":153,"minecraft:barrel":11,"minecraft:crimson_slab":10,"minecraft:iron_hoe":1,"minecraft:purpur_stairs":4},"minecraft:used":{"minecraft:iron_axe":560,"minecraft:shield":249,"minecraft:end_stone":98,"minecraft:iron_pickaxe":1414,"minecraft:iron_block":8,"minecraft:diamond_sword":29,"minecraft:cherry_planks":127,"minecraft:potato":30,"minecraft:iron_sword":215,"minecraft:golden_carrot":11,"minecraft:diamond_pickaxe":1936,"minecraft:ender_eye":1,"minecraft:cooked_mutton":34,"minecraft:bookshelf":2,"minecraft:glass":18,"minecraft:crimson_planks":284,"minecraft:ladder":14,"minecraft:blast_furnace":10,"minecraft:iron_shovel":170,"minecraft:crimson_slab":22,"minecraft:lava_bucket":15,"minecraft:cherry_boat":22,"minecraft:cobblestone":270,"minecraft:cherry_sign":2,"minecraft:hopper":12,"minecraft:diamond_axe":129,"minecraft:carrot":120,"minecraft:crafting_table":7,"minecraft:cherry_slab":20,"minecraft:hopper_minecart":2,"minecraft:white_bed":14,"minecraft:bow":62,"minecraft:diamond_boots":1,"minecraft:baked_potato":37,"minecraft:netherrack":742,"minecraft:suspicious_stew":1,"minecraft:pumpkin":5,"minecraft:iron_hoe":758,"minecraft:rotten_flesh":40,"minecraft:water_bucket":5,"minecraft:fletching_table":9,"minecraft:glowstone":29,"minecraft:anvil":1,"minecraft:bell":1,"minecraft:mutton":6,"minecraft:barrel":11,"minecraft:torch":17,"minecraft:bread":35,"minecraft:dirt":803,"minecraft:black_bed":1,"minecraft:obsidian":7,"minecraft:cobblestone_stairs":5,"minecraft:spruce_planks":31,"minecraft:crimson_stairs":46,"minecraft:white_wool":3,"minecraft:rail":404,"minecraft:shears":2,"minecraft:cooked_beef":9,"minecraft:nether_wart_block":55,"minecraft:lectern":169,"minecraft:bucket":20,"minecraft:chest":1,"minecraft:carved_pumpkin":1,"minecraft:iron_helmet":1,"minecraft:oak_planks":4,"minecraft:spruce_sapling":82,"minecraft:ender_pearl":3}},"DataVersion":4440}