{"stats":{"minecraft:dropped":{"minecraft:shulker_shell":16,"minecraft:stone":64,"minecraft:stone_slab":3,"minecraft:bundle":23},"minecraft:used":{"minecraft:piston":12,"minecraft:repeater":2,"minecraft:chicken":1,"minecraft:lever":1,"minecraft:redstone":22,"minecraft:bundle":2,"minecraft:cobblestone":4,"minecraft:hopper":3,"minecraft:comparator":1,"minecraft:stonecutter":1,"minecraft:redstone_torch":3,"minecraft:diamond_pickaxe":69,"minecraft:glass":2,"minecraft:chest":2,"minecraft:spruce_sign":2,"minecraft:cooked_porkchop":2},"minecraft:mined":{"minecraft:torch":1,"minecraft:comparator":1,"minecraft:piston":14,"minecraft:lever":1,"minecraft:rail":3,"minecraft:spruce_wall_sign":1,"minecraft:glass":4,"minecraft:hopper":2,"minecraft:repeater":3,"minecraft:cobblestone":4,"minecraft:short_grass":1,"minecraft:poppy":1,"minecraft:redstone_wire":41,"minecraft:redstone_torch":4},"minecraft:custom":{"minecraft:time_since_rest":13330,"minecraft:leave_game":5,"minecraft:mob_kills":1,"minecraft:damage_taken":480,"minecraft:time_since_death":44886,"minecraft:open_enderchest":2,"minecraft:sleep_in_bed":3,"minecraft:total_world_time":48720,"minecraft:swim_one_cm":12125,"minecraft:crouch_one_cm":5126,"minecraft:deaths":1,"minecraft:interact_with_stonecutter":2,"minecraft:interact_with_crafting_table":9,"minecraft:walk_one_cm":61492,"minecraft:walk_under_water_one_cm":419,"minecraft:play_time":48720,"minecraft:damage_dealt":40,"minecraft:jump":339,"minecraft:drop":28,"minecraft:sprint_one_cm":81359,"minecraft:open_chest":73,"minecraft:inspect_hopper":45,"minecraft:fall_one_cm":10595,"minecraft:fly_one_cm":80135,"minecraft:walk_on_water_one_cm":6231,"minecraft:sneak_time":2743},"minecraft:picked_up":{"minecraft:hopper":2,"minecraft:spruce_sign":1,"minecraft:cobblestone":4,"minecraft:rail":3,"minecraft:poppy":1,"minecraft:redstone_torch":4,"minecraft:wooden_sword":1,"minecraft:lever":1,"minecraft:chicken":1,"minecraft:stone":64,"minecraft:redstone":41,"minecraft:torch":1,"minecraft:repeater":3,"minecraft:bundle":1,"minecraft:shulker_shell":8,"minecraft:rotten_flesh":2,"minecraft:stone_slab":3,"minecraft:piston":14,"minecraft:comparator":1},"minecraft:killed":{"minecraft:chicken":1},"minecraft:killed_by":{"minecraft:spider":1},"minecraft:crafted":{"minecraft:lever":1,"minecraft:wooden_sword":5,"minecraft:spruce_sign":3,"minecraft:hopper":1,"minecraft:chest":9,"minecraft:stone_slab":210,"minecraft:redstone_torch":1,"minecraft:piston":2,"minecraft:chiseled_stone_bricks":8}},"DataVersion":4440}