{"stats":{"minecraft:killed_by":{"minecraft:skeleton":2,"minecraft:vindicator":1,"minecraft:creeper":1,"minecraft:enderman":2,"minecraft:iron_golem":1},"minecraft:mined":{"minecraft:torch":9,"minecraft:comparator":3,"minecraft:cherry_log":1,"minecraft:lever":1,"minecraft:lava_cauldron":1,"minecraft:nether_quartz_ore":44,"minecraft:chest":6,"minecraft:pumpkin":1,"minecraft:polished_blackstone_brick_stairs":1,"minecraft:netherrack":2710,"minecraft:white_terracotta":31,"minecraft:carrots":3,"minecraft:spruce_sapling":29,"minecraft:lectern":30,"minecraft:gravel":32,"minecraft:short_grass":41,"minecraft:weeping_vines":3,"minecraft:amethyst_block":32,"minecraft:weeping_vines_plant":6,"minecraft:brown_mushroom":18,"minecraft:crafter":4,"minecraft:crafting_table":2,"minecraft:deepslate_redstone_ore":98,"minecraft:sweet_berry_bush":7,"minecraft:magma_block":44,"minecraft:obsidian":11,"minecraft:redstone_torch":4,"minecraft:copper_ore":80,"minecraft:piston":7,"minecraft:grindstone":4,"minecraft:nether_wart_block":2,"minecraft:andesite":4,"minecraft:repeater":10,"minecraft:blast_furnace":24,"minecraft:deepslate_gold_ore":84,"minecraft:gold_block":1,"minecraft:budding_amethyst":4,"minecraft:wall_torch":5,"minecraft:fern":1,"minecraft:deepslate_diamond_ore":112,"minecraft:cauldron":1,"minecraft:deepslate_lapis_ore":10,"minecraft:deepslate_iron_ore":8,"minecraft:birch_planks":2,"minecraft:amethyst_cluster":2,"minecraft:iron_ore":12,"minecraft:stone":300,"minecraft:glass_pane":4,"minecraft:podzol":7,"minecraft:glass":39,"minecraft:coal_ore":54,"minecraft:diorite":6,"minecraft:wheat":27,"minecraft:ancient_debris":1,"minecraft:oak_planks":120,"minecraft:cobblestone":11,"minecraft:white_bed":4,"minecraft:cherry_leaves":11,"minecraft:brewing_stand":2,"minecraft:fletching_table":6,"minecraft:bookshelf":12,"minecraft:crimson_roots":16,"minecraft:crimson_nylium":141,"minecraft:glow_lichen":1,"minecraft:dark_oak_fence":4,"minecraft:crying_obsidian":2,"minecraft:tall_grass":4,"minecraft:polished_blackstone_bricks":1,"minecraft:tall_seagrass":1,"minecraft:rail":48,"minecraft:crimson_stairs":2,"minecraft:oak_stairs":47,"minecraft:mossy_cobblestone":1,"minecraft:dirt":105,"minecraft:observer":5,"minecraft:hopper":7,"minecraft:grass_block":44,"minecraft:spruce_leaves":80,"minecraft:cobbled_deepslate":95,"minecraft:carved_pumpkin":9,"minecraft:tuff":66,"minecraft:spruce_door":1,"minecraft:nether_gold_ore":32,"minecraft:deepslate":503,"minecraft:sand":100,"minecraft:calcite":3,"minecraft:cherry_planks":1,"minecraft:cherry_slab":1,"minecraft:redstone_wire":21,"minecraft:lapis_ore":8,"minecraft:crimson_planks":1},"minecraft:custom":{"minecraft:time_since_rest":5536,"minecraft:talked_to_villager":475,"minecraft:leave_game":14,"minecraft:damage_taken":6733,"minecraft:mob_kills":285,"minecraft:boat_one_cm":88855,"minecraft:time_since_death":281806,"minecraft:interact_with_brewingstand":3,"minecraft:interact_with_furnace":62,"minecraft:sleep_in_bed":29,"minecraft:inspect_dispenser":13,"minecraft:swim_one_cm":77357,"minecraft:total_world_time":643767,"minecraft:crouch_one_cm":224322,"minecraft:climb_one_cm":9945,"minecraft:deaths":8,"minecraft:interact_with_stonecutter":1,"minecraft:animals_bred":9,"minecraft:traded_with_villager":1394,"minecraft:interact_with_crafting_table":86,"minecraft:walk_one_cm":1046561,"minecraft:walk_under_water_one_cm":36016,"minecraft:damage_dealt":43635,"minecraft:play_time":643767,"minecraft:jump":9795,"minecraft:drop":153,"minecraft:use_cauldron":3,"minecraft:open_barrel":47,"minecraft:sprint_one_cm":1457463,"minecraft:open_chest":544,"minecraft:inspect_hopper":24,"minecraft:fall_one_cm":170734,"minecraft:fly_one_cm":1925581,"minecraft:interact_with_anvil":41,"minecraft:walk_on_water_one_cm":120188,"minecraft:sneak_time":148511,"minecraft:raid_trigger":1,"minecraft:interact_with_blast_furnace":2,"minecraft:interact_with_grindstone":8},"minecraft:dropped":{"minecraft:oak_planks":83,"minecraft:mossy_cobblestone":1,"minecraft:lead":3,"minecraft:crimson_roots":6,"minecraft:gravel":19,"minecraft:bone":1,"minecraft:glass":4,"minecraft:ink_sac":6,"minecraft:poppy":4,"minecraft:glowstone":50,"minecraft:wheat_seeds":7,"minecraft:crossbow":7,"minecraft:filled_map":2,"minecraft:minecart":2,"minecraft:light_gray_wool":2,"minecraft:diamond_pickaxe":3,"minecraft:string":4,"minecraft:iron_leggings":1,"minecraft:polished_blackstone_bricks":1,"minecraft:crimson_nylium":49,"minecraft:stick":64,"minecraft:spruce_sapling":5,"minecraft:arrow":2,"minecraft:crimson_fungus":5,"minecraft:carrot":9,"minecraft:spruce_log":178,"minecraft:deepslate":37,"minecraft:gunpowder":3,"minecraft:white_terracotta":31,"minecraft:bread":5,"minecraft:oak_door":1,"minecraft:fletching_table":14,"minecraft:dark_oak_log":3,"minecraft:baked_potato":6,"minecraft:polished_blackstone_brick_stairs":1,"minecraft:rotten_flesh":11,"minecraft:cobblestone":11,"minecraft:iron_chestplate":1,"minecraft:pumpkin_seeds":4,"minecraft:dirt":71,"minecraft:stone":5,"minecraft:ominous_bottle":1,"minecraft:sand":4,"minecraft:dark_oak_fence":2,"minecraft:emerald":42,"minecraft:rail":23,"minecraft:lever":1,"minecraft:crying_obsidian":1,"minecraft:oak_stairs":3,"minecraft:glass_pane":3,"minecraft:blast_furnace":8,"minecraft:netherrack":434,"minecraft:mutton":6,"minecraft:stripped_oak_log":16},"minecraft:used":{"minecraft:grass_block":2,"minecraft:repeater":11,"minecraft:observer":23,"minecraft:deepslate":108,"minecraft:white_banner":7,"minecraft:diamond_sword":641,"minecraft:cherry_planks":11,"minecraft:wheat_seeds":27,"minecraft:glass_bottle":3,"minecraft:diamond_pickaxe":4691,"minecraft:bookshelf":12,"minecraft:glass":8,"minecraft:crimson_planks":1,"minecraft:crossbow":1,"minecraft:dark_oak_fence":4,"minecraft:magma_block":1,"minecraft:blast_furnace":23,"minecraft:tuff":66,"minecraft:minecart":3,"minecraft:brewing_stand":4,"minecraft:packed_ice":1,"minecraft:copper_ore":40,"minecraft:piston":23,"minecraft:cherry_boat":3,"minecraft:ominous_bottle":1,"minecraft:redstone":48,"minecraft:spruce_door":1,"minecraft:diamond_leggings":2,"minecraft:coal_ore":24,"minecraft:crafter":6,"minecraft:lapis_ore":4,"minecraft:crimson_roots":1,"minecraft:diamond_chestplate":4,"minecraft:stone":104,"minecraft:hopper":10,"minecraft:stonecutter":1,"minecraft:grindstone":6,"minecraft:diamond_axe":292,"minecraft:nether_gold_ore":20,"minecraft:crafting_table":3,"minecraft:cherry_slab":3,"minecraft:poppy":2,"minecraft:iron_chestplate":1,"minecraft:white_bed":5,"minecraft:bow":541,"minecraft:diamond_boots":2,"minecraft:cherry_button":1,"minecraft:baked_potato":154,"minecraft:iron_leggings":1,"minecraft:netherrack":665,"minecraft:diamond_shovel":245,"minecraft:deepslate_diamond_ore":56,"minecraft:nether_quartz_ore":32,"minecraft:pumpkin":1,"minecraft:water_bucket":49,"minecraft:soul_sand":1,"minecraft:bone_meal":197,"minecraft:deepslate_lapis_ore":5,"minecraft:fletching_table":8,"minecraft:anvil":4,"minecraft:torch":38,"minecraft:dirt":543,"minecraft:obsidian":8,"minecraft:deepslate_redstone_ore":49,"minecraft:spruce_button":1,"minecraft:gravel":11,"minecraft:crimson_stairs":2,"minecraft:rail":42,"minecraft:deepslate_gold_ore":42,"minecraft:comparator":4,"minecraft:shears":1,"minecraft:lectern":30,"minecraft:flint_and_steel":3,"minecraft:redstone_torch":4,"minecraft:bucket":53,"minecraft:chest":17,"minecraft:carved_pumpkin":1,"minecraft:cauldron":2,"minecraft:deepslate_iron_ore":4,"minecraft:oak_planks":1,"minecraft:spruce_sapling":269,"minecraft:iron_ore":6,"minecraft:ender_pearl":6},"minecraft:killed":{"minecraft:pillager":129,"minecraft:stray":1,"minecraft:skeleton":21,"minecraft:iron_golem":6,"minecraft:witch":2,"minecraft:piglin":5,"minecraft:villager":6,"minecraft:vindicator":2,"minecraft:spider":4,"minecraft:salmon":2,"minecraft:zombie":43,"minecraft:trader_llama":1,"minecraft:creeper":14,"minecraft:zombie_villager":3,"minecraft:enderman":3,"minecraft:hoglin":16,"minecraft:sheep":4,"minecraft:drowned":1,"minecraft:cow":2},"minecraft:crafted":{"minecraft:diamond_boots":2,"minecraft:stick":37402,"minecraft:minecart":5,"minecraft:diamond_axe":1,"minecraft:iron_block":12,"minecraft:diamond_pickaxe":2,"minecraft:chest":14,"minecraft:bookshelf":11,"minecraft:stone_slab":6,"minecraft:air":0,"minecraft:ender_pearl":2,"minecraft:bow":2,"minecraft:repeater":2,"minecraft:redstone":10,"minecraft:bucket":1,"minecraft:bone_meal":171,"minecraft:glass_bottle":3,"minecraft:diamond_shovel":1,"minecraft:crafter":3,"minecraft:glass":121,"minecraft:blast_furnace":7,"minecraft:redstone_torch":10,"minecraft:lapis_lazuli":11,"minecraft:oak_planks":16,"minecraft:sugar":6,"minecraft:comparator":3,"minecraft:hopper":3,"minecraft:spruce_door":3,"minecraft:anvil":4,"minecraft:smooth_stone":34,"minecraft:charcoal":2,"minecraft:stonecutter":1,"minecraft:glowstone":18,"minecraft:fletching_table":9,"minecraft:fermented_spider_eye":6,"minecraft:diamond_chestplate":2,"minecraft:emerald":1295,"minecraft:furnace":6,"minecraft:grindstone":1,"minecraft:diamond_helmet":2,"minecraft:crafting_table":5,"minecraft:experience_bottle":12,"minecraft:diamond_leggings":2,"minecraft:torch":20,"minecraft:white_bed":1,"minecraft:enchanted_book":26,"minecraft:baked_potato":166,"minecraft:dropper":3,"minecraft:observer":31,"minecraft:spruce_planks":6948,"minecraft:piston":29,"minecraft:spruce_button":1},"minecraft:picked_up":{"minecraft:sweet_berries":19,"minecraft:brewing_stand":3,"minecraft:shears":7,"minecraft:minecart":26,"minecraft:cobblestone":139,"minecraft:glass":36,"minecraft:flint":11,"minecraft:sugar_cane":2,"minecraft:redstone":327,"minecraft:bone":31,"minecraft:diamond_shovel":8,"minecraft:diamond":129,"minecraft:white_banner":25,"minecraft:white_terracotta":31,"minecraft:emerald":285,"minecraft:deepslate_diamond_ore":56,"minecraft:crimson_roots":14,"minecraft:deepslate_iron_ore":4,"minecraft:sugar":4,"minecraft:book":48,"minecraft:ink_sac":6,"minecraft:crimson_fungus":7,"minecraft:cherry_button":1,"minecraft:gold_block":1,"minecraft:nether_quartz_ore":9,"minecraft:bow":6,"minecraft:arrow":51,"minecraft:iron_ingot":315,"minecraft:observer":5,"minecraft:crossbow":13,"minecraft:polished_blackstone_brick_stairs":1,"minecraft:raw_gold":95,"minecraft:mutton":6,"minecraft:diamond_leggings":5,"minecraft:crying_obsidian":2,"minecraft:spruce_planks":2420,"minecraft:polished_blackstone_bricks":1,"minecraft:dirt":130,"minecraft:rail":58,"minecraft:crimson_nylium":146,"minecraft:diamond_helmet":3,"minecraft:iron_shovel":1,"minecraft:crimson_stem":6,"minecraft:torch":18,"minecraft:diamond_pickaxe":16,"minecraft:cherry_log":2,"minecraft:bread":5,"minecraft:spruce_log":5480,"minecraft:oak_stairs":47,"minecraft:coal":71,"minecraft:oak_log":4,"minecraft:birch_planks":2,"minecraft:sand":97,"minecraft:iron_ore":6,"minecraft:oak_door":1,"minecraft:wheat_seeds":80,"minecraft:weeping_vines":4,"minecraft:quartz":70,"minecraft:diamond_sword":7,"minecraft:hopper":7,"minecraft:poppy":11,"minecraft:white_wool":3,"minecraft:fletching_table":13,"minecraft:blast_furnace":24,"minecraft:ender_pearl":18,"minecraft:string":9,"minecraft:obsidian":11,"minecraft:amethyst_shard":4,"minecraft:filled_map":1,"minecraft:comparator":3,"minecraft:coal_ore":24,"minecraft:diamond_axe":7,"minecraft:carrot":9,"minecraft:spruce_sapling":379,"minecraft:glowstone":25,"minecraft:white_bed":4,"minecraft:stripped_oak_log":16,"minecraft:leather":5,"minecraft:gold_nugget":193,"minecraft:lead":3,"minecraft:brown_mushroom":18,"minecraft:water_bucket":6,"minecraft:baked_potato":168,"minecraft:glass_pane":3,"minecraft:glow_ink_sac":7,"minecraft:carved_pumpkin":33,"minecraft:porkchop":38,"minecraft:copper_ore":40,"minecraft:deepslate_lapis_ore":5,"minecraft:stick":356,"minecraft:dark_oak_fence":6,"minecraft:redstone_torch":4,"minecraft:deepslate_redstone_ore":49,"minecraft:diamond_boots":4,"minecraft:crimson_stairs":2,"minecraft:deepslate":499,"minecraft:repeater":10,"minecraft:cauldron":2,"minecraft:grindstone":4,"minecraft:raw_iron":24,"minecraft:cobbled_deepslate":94,"minecraft:diamond_chestplate":7,"minecraft:lapis_ore":4,"minecraft:glowstone_dust":1,"minecraft:pumpkin_seeds":40,"minecraft:mossy_cobblestone":1,"minecraft:amethyst_block":32,"minecraft:wheat":27,"minecraft:cherry_boat":3,"minecraft:spruce_door":1,"minecraft:cherry_planks":54,"minecraft:cherry_slab":1,"minecraft:gunpowder":16,"minecraft:chest":6,"minecraft:lectern":30,"minecraft:nether_gold_ore":10,"minecraft:netherrack":2409,"minecraft:crimson_planks":1,"minecraft:magma_block":35,"minecraft:lever":1,"minecraft:stone":162,"minecraft:gravel":20,"minecraft:light_gray_wool":2,"minecraft:amethyst_cluster":2,"minecraft:tuff":66,"minecraft:deepslate_gold_ore":42,"minecraft:grass_block":2,"minecraft:lapis_lazuli":119,"minecraft:pumpkin":1,"minecraft:piston":7,"minecraft:spider_eye":1,"minecraft:dark_oak_log":3,"minecraft:tipped_arrow":1,"minecraft:ominous_bottle":13,"minecraft:cherry_sapling":2,"minecraft:oak_planks":156,"minecraft:flint_and_steel":6,"minecraft:crafting_table":1,"minecraft:raw_copper":326,"minecraft:beef":5,"minecraft:rotten_flesh":64,"minecraft:ancient_debris":1,"minecraft:crafter":4,"minecraft:calcite":3},"minecraft:broken":{"minecraft:diamond_boots":1}},"DataVersion":4440}