{"stats":{"minecraft:dropped":{"minecraft:oak_planks":83,"minecraft:andesite":1,"minecraft:mossy_cobblestone":1,"minecraft:wheat":24,"minecraft:smooth_stone_slab":1,"minecraft:iron_door":3,"minecraft:lead":3,"minecraft:crimson_roots":7,"minecraft:chainmail_helmet":16,"minecraft:gravel":40,"minecraft:bone":1,"minecraft:glass":28,"minecraft:ink_sac":6,"minecraft:poppy":10,"minecraft:sugar_cane":121,"minecraft:glowstone":50,"minecraft:bowl":8,"minecraft:wheat_seeds":137,"minecraft:blackstone":14,"minecraft:spruce_sign":2,"minecraft:crossbow":14,"minecraft:oak_sapling":2,"minecraft:filled_map":2,"minecraft:minecart":2,"minecraft:light_gray_wool":2,"minecraft:warped_roots":11,"minecraft:redstone":10,"minecraft:diamond_pickaxe":3,"minecraft:book":10,"minecraft:hopper":1,"minecraft:string":9,"minecraft:iron_leggings":27,"minecraft:polished_blackstone_bricks":1,"minecraft:blaze_powder":2,"minecraft:crimson_nylium":53,"minecraft:stick":129,"minecraft:spruce_sapling":5,"minecraft:arrow":14,"minecraft:crimson_fungus":7,"minecraft:carrot":10,"minecraft:spruce_log":178,"minecraft:deepslate":37,"minecraft:gunpowder":7,"minecraft:white_terracotta":31,"minecraft:bread":5,"minecraft:gold_ingot":172,"minecraft:oak_door":1,"minecraft:fletching_table":14,"minecraft:mossy_stone_bricks":3,"minecraft:dark_oak_log":3,"minecraft:baked_potato":7,"minecraft:polished_blackstone_brick_stairs":1,"minecraft:rotten_flesh":43,"minecraft:cobblestone":12,"minecraft:copper_ore":8,"minecraft:chainmail_leggings":23,"minecraft:iron_helmet":1,"minecraft:spruce_planks":29,"minecraft:iron_chestplate":13,"minecraft:stone_sword":2,"minecraft:pumpkin_seeds":4,"minecraft:potion":1,"minecraft:dirt":78,"minecraft:stone":32,"minecraft:ominous_bottle":1,"minecraft:sand":4,"minecraft:dark_oak_fence":2,"minecraft:warped_nylium":2,"minecraft:golden_sword":1,"minecraft:emerald":42,"minecraft:rail":23,"minecraft:lever":1,"minecraft:cracked_stone_bricks":2,"minecraft:crying_obsidian":1,"minecraft:stone_bricks":4,"minecraft:leaf_litter":14,"minecraft:oak_stairs":3,"minecraft:gold_nugget":4,"minecraft:glass_pane":3,"minecraft:blast_furnace":8,"minecraft:netherrack":504,"minecraft:mutton":6,"minecraft:stripped_oak_log":16},"minecraft:used":{"minecraft:leaf_litter":2,"minecraft:diamond_helmet":2,"minecraft:repeater":11,"minecraft:white_banner":10,"minecraft:iron_block":172,"minecraft:diamond_sword":1104,"minecraft:cherry_planks":11,"minecraft:potato":6,"minecraft:wheat_seeds":27,"minecraft:glass_bottle":3,"minecraft:ender_eye":14,"minecraft:glass":169,"minecraft:cooked_porkchop":14,"minecraft:copper_ore":40,"minecraft:cherry_boat":3,"minecraft:coal_ore":50,"minecraft:smithing_table":2,"minecraft:crafter":6,"minecraft:spruce_slab":6,"minecraft:stonecutter":2,"minecraft:grindstone":6,"minecraft:diamond_axe":669,"minecraft:nether_gold_ore":23,"minecraft:cherry_slab":3,"minecraft:nether_wart":7,"minecraft:poppy":2,"minecraft:snowball":57,"minecraft:pumpkin_pie":48,"minecraft:dandelion":1,"minecraft:bow":1423,"minecraft:cobbled_deepslate_stairs":2,"minecraft:cherry_button":1,"minecraft:iron_leggings":2,"minecraft:netherrack":3019,"minecraft:suspicious_stew":7,"minecraft:diamond_shovel":868,"minecraft:dried_ghast":2,"minecraft:deepslate_diamond_ore":56,"minecraft:nether_quartz_ore":180,"minecraft:bone_meal":511,"minecraft:fletching_table":8,"minecraft:anvil":5,"minecraft:dirt":692,"minecraft:obsidian":28,"minecraft:spruce_planks":97,"minecraft:crimson_stairs":2,"minecraft:rail":58,"minecraft:deepslate_gold_ore":42,"minecraft:shears":1,"minecraft:lectern":111,"minecraft:bucket":86,"minecraft:warped_nylium":72,"minecraft:oak_planks":98,"minecraft:sugar_cane":40,"minecraft:iron_ore":6,"minecraft:smooth_stone_slab":3,"minecraft:grass_block":2,"minecraft:spruce_fence":4,"minecraft:observer":36,"minecraft:shield":5,"minecraft:deepslate":192,"minecraft:golden_carrot":2,"minecraft:diamond_pickaxe":9269,"minecraft:cooked_mutton":8,"minecraft:bookshelf":23,"minecraft:crimson_planks":1,"minecraft:cookie":80,"minecraft:crossbow":1,"minecraft:dark_oak_fence":4,"minecraft:magma_block":3,"minecraft:blast_furnace":29,"minecraft:mossy_stone_bricks":1,"minecraft:tuff":66,"minecraft:minecart":5,"minecraft:crimson_slab":1,"minecraft:brewing_stand":4,"minecraft:packed_ice":6,"minecraft:piston":38,"minecraft:diorite":1,"minecraft:ominous_bottle":3,"minecraft:redstone":61,"minecraft:spruce_door":1,"minecraft:diamond_leggings":6,"minecraft:lapis_ore":4,"minecraft:crimson_roots":1,"minecraft:diamond_chestplate":6,"minecraft:stone":164,"minecraft:hopper":13,"minecraft:carrot":105,"minecraft:crafting_table":5,"minecraft:spruce_sign":4,"minecraft:iron_chestplate":1,"minecraft:white_bed":9,"minecraft:diamond_boots":4,"minecraft:baked_potato":314,"minecraft:pumpkin":1,"minecraft:water_bucket":81,"minecraft:soul_sand":9,"minecraft:deepslate_lapis_ore":5,"minecraft:wither_skeleton_skull":6,"minecraft:bell":1,"minecraft:amethyst_cluster":2,"minecraft:torch":68,"minecraft:black_bed":2,"minecraft:deepslate_redstone_ore":49,"minecraft:spruce_button":1,"minecraft:gravel":11,"minecraft:composter":3,"minecraft:beacon":2,"minecraft:crimson_nylium":67,"minecraft:comparator":4,"minecraft:flint_and_steel":14,"minecraft:redstone_torch":4,"minecraft:chest":39,"minecraft:carved_pumpkin":1,"minecraft:cauldron":6,"minecraft:enchanting_table":1,"minecraft:deepslate_iron_ore":4,"minecraft:spruce_sapling":552,"minecraft:ender_pearl":30},"minecraft:mined":{"minecraft:torch":20,"minecraft:comparator":3,"minecraft:lever":1,"minecraft:spruce_log":1,"minecraft:nether_quartz_ore":352,"minecraft:chest":15,"minecraft:pumpkin":1,"minecraft:netherrack":5265,"minecraft:white_terracotta":31,"minecraft:beacon":1,"minecraft:spruce_sapling":56,"minecraft:amethyst_block":32,"minecraft:weeping_vines_plant":14,"minecraft:brown_mushroom":18,"minecraft:crafter":4,"minecraft:spruce_planks":54,"minecraft:wither_skeleton_skull":3,"minecraft:sweet_berry_bush":7,"minecraft:magma_block":160,"minecraft:obsidian":26,"minecraft:redstone_torch":4,"minecraft:piston":9,"minecraft:stripped_spruce_log":1,"minecraft:blackstone":25,"minecraft:anvil":1,"minecraft:grindstone":5,"minecraft:nether_wart_block":11,"minecraft:iron_door":13,"minecraft:smooth_stone_slab":4,"minecraft:repeater":10,"minecraft:gold_block":2,"minecraft:wall_torch":9,"minecraft:fern":1,"minecraft:fire":56,"minecraft:smithing_table":1,"minecraft:deepslate_diamond_ore":112,"minecraft:potatoes":4,"minecraft:iron_ore":12,"minecraft:glass_pane":4,"minecraft:podzol":7,"minecraft:spruce_wall_sign":2,"minecraft:glass":43,"minecraft:oak_planks":130,"minecraft:cobblestone":11,"minecraft:sugar_cane":3,"minecraft:cherry_leaves":11,"minecraft:oak_leaves":6,"minecraft:brewing_stand":2,"minecraft:crimson_slab":1,"minecraft:fletching_table":6,"minecraft:crimson_roots":21,"minecraft:cracked_stone_bricks":3,"minecraft:tall_grass":6,"minecraft:mossy_stone_bricks":12,"minecraft:tall_seagrass":1,"minecraft:rail":65,"minecraft:crimson_stairs":2,"minecraft:dirt":196,"minecraft:hopper":8,"minecraft:spruce_door":1,"minecraft:deepslate":504,"minecraft:sand":191,"minecraft:white_banner":1,"minecraft:cherry_planks":1,"minecraft:snow":152,"minecraft:seagrass":3,"minecraft:cherry_slab":1,"minecraft:stonecutter":1,"minecraft:lapis_ore":8,"minecraft:black_bed":2,"minecraft:cherry_log":1,"minecraft:spawner":1,"minecraft:lava_cauldron":3,"minecraft:warped_nylium":75,"minecraft:polished_blackstone_brick_stairs":1,"minecraft:carrots":65,"minecraft:lectern":111,"minecraft:gravel":119,"minecraft:short_grass":53,"minecraft:weeping_vines":13,"minecraft:infested_stone_bricks":1,"minecraft:dirt_path":1,"minecraft:cracked_polished_blackstone_bricks":6,"minecraft:crafting_table":4,"minecraft:deepslate_redstone_ore":98,"minecraft:leaf_litter":2,"minecraft:copper_ore":89,"minecraft:andesite":9,"minecraft:packed_ice":4,"minecraft:blast_furnace":27,"minecraft:deepslate_gold_ore":84,"minecraft:ice":2,"minecraft:budding_amethyst":4,"minecraft:cauldron":1,"minecraft:deepslate_lapis_ore":10,"minecraft:deepslate_iron_ore":8,"minecraft:iron_block":89,"minecraft:birch_planks":2,"minecraft:amethyst_cluster":4,"minecraft:stone":1343,"minecraft:stone_bricks":6,"minecraft:spruce_fence":1,"minecraft:bush":2,"minecraft:crimson_stem":1,"minecraft:coal_ore":109,"minecraft:diorite":39,"minecraft:wheat":27,"minecraft:ancient_debris":11,"minecraft:dried_ghast":1,"minecraft:white_bed":8,"minecraft:composter":2,"minecraft:soul_sand":4,"minecraft:bookshelf":196,"minecraft:cobbled_deepslate_stairs":5,"minecraft:crimson_nylium":239,"minecraft:glow_lichen":1,"minecraft:dark_oak_fence":4,"minecraft:crying_obsidian":2,"minecraft:enchanting_table":1,"minecraft:polished_blackstone_bricks":6,"minecraft:oak_stairs":47,"minecraft:mossy_cobblestone":1,"minecraft:nether_wart":47,"minecraft:observer":5,"minecraft:grass_block":248,"minecraft:cobweb":13,"minecraft:spruce_leaves":137,"minecraft:cobbled_deepslate":95,"minecraft:carved_pumpkin":9,"minecraft:tuff":66,"minecraft:nether_gold_ore":63,"minecraft:calcite":3,"minecraft:spruce_slab":1,"minecraft:bell":1,"minecraft:redstone_wire":21,"minecraft:crimson_planks":1},"minecraft:custom":{"minecraft:time_since_rest":48224,"minecraft:talked_to_villager":1000,"minecraft:leave_game":20,"minecraft:damage_taken":14400,"minecraft:mob_kills":591,"minecraft:boat_one_cm":88855,"minecraft:interact_with_beacon":6,"minecraft:time_since_death":951192,"minecraft:interact_with_brewingstand":3,"minecraft:interact_with_furnace":120,"minecraft:interact_with_smithing_table":12,"minecraft:sleep_in_bed":62,"minecraft:inspect_dispenser":14,"minecraft:happy_ghast_one_cm":958926,"minecraft:swim_one_cm":178272,"minecraft:total_world_time":1313153,"minecraft:crouch_one_cm":533737,"minecraft:raid_win":1,"minecraft:climb_one_cm":13565,"minecraft:deaths":8,"minecraft:interact_with_stonecutter":1,"minecraft:animals_bred":9,"minecraft:traded_with_villager":3470,"minecraft:damage_blocked_by_shield":1500,"minecraft:interact_with_crafting_table":133,"minecraft:walk_one_cm":2227334,"minecraft:walk_under_water_one_cm":72822,"minecraft:damage_dealt":74434,"minecraft:play_time":1313153,"minecraft:jump":19447,"minecraft:drop":501,"minecraft:use_cauldron":5,"minecraft:bell_ring":33,"minecraft:open_barrel":59,"minecraft:sprint_one_cm":2793743,"minecraft:open_chest":1121,"minecraft:inspect_hopper":27,"minecraft:fall_one_cm":375233,"minecraft:fly_one_cm":3844955,"minecraft:interact_with_anvil":79,"minecraft:walk_on_water_one_cm":160980,"minecraft:sneak_time":303415,"minecraft:raid_trigger":3,"minecraft:interact_with_blast_furnace":47,"minecraft:interact_with_grindstone":10},"minecraft:picked_up":{"minecraft:sweet_berries":19,"minecraft:enchanting_table":1,"minecraft:smooth_stone_slab":4,"minecraft:shears":7,"minecraft:minecart":30,"minecraft:cobblestone":338,"minecraft:saddle":3,"minecraft:sugar_cane":570,"minecraft:bone":157,"minecraft:diamond_shovel":8,"minecraft:cooked_mutton":10,"minecraft:stripped_spruce_log":1,"minecraft:white_banner":34,"minecraft:white_terracotta":31,"minecraft:blaze_rod":48,"minecraft:emerald":342,"minecraft:deepslate_diamond_ore":56,"minecraft:sugar":9,"minecraft:book":609,"minecraft:ink_sac":6,"minecraft:crimson_fungus":9,"minecraft:cherry_button":1,"minecraft:chainmail_helmet":6,"minecraft:spectral_arrow":58,"minecraft:bow":7,"minecraft:arrow":79,"minecraft:iron_ingot":323,"minecraft:spruce_slab":1,"minecraft:crossbow":22,"minecraft:dandelion":1,"minecraft:lava_bucket":1,"minecraft:mutton":6,"minecraft:diamond_leggings":5,"minecraft:polished_blackstone_bricks":3,"minecraft:stonecutter":1,"minecraft:crimson_nylium":247,"minecraft:crimson_stem":21,"minecraft:oak_stairs":47,"minecraft:oak_log":28,"minecraft:sand":186,"minecraft:iron_ore":6,"minecraft:oak_door":1,"minecraft:wheat_seeds":281,"minecraft:black_bed":2,"minecraft:quartz":591,"minecraft:egg":1,"minecraft:iron_leggings":6,"minecraft:diamond_sword":7,"minecraft:snowball":136,"minecraft:blast_furnace":27,"minecraft:ender_pearl":32,"minecraft:string":43,"minecraft:golden_sword":2,"minecraft:smithing_table":1,"minecraft:stone_bricks":4,"minecraft:obsidian":35,"minecraft:nether_wart_block":1,"minecraft:comparator":3,"minecraft:spruce_sapling":624,"minecraft:iron_block":89,"minecraft:glowstone":25,"minecraft:white_bed":8,"minecraft:stripped_oak_log":16,"minecraft:leather":43,"minecraft:lead":4,"minecraft:brown_mushroom":18,"minecraft:glass_pane":3,"minecraft:ghast_tear":1,"minecraft:carved_pumpkin":33,"minecraft:porkchop":59,"minecraft:spruce_sign":3,"minecraft:deepslate_lapis_ore":5,"minecraft:stick":572,"minecraft:dark_oak_fence":6,"minecraft:redstone_torch":4,"minecraft:deepslate_redstone_ore":49,"minecraft:diamond_boots":4,"minecraft:crimson_stairs":2,"minecraft:cooked_porkchop":20,"minecraft:iron_axe":2,"minecraft:deepslate":620,"minecraft:cauldron":4,"minecraft:raw_iron":24,"minecraft:diamond_chestplate":7,"minecraft:lapis_ore":4,"minecraft:mossy_cobblestone":1,"minecraft:nether_brick":37,"minecraft:cherry_boat":3,"minecraft:spruce_door":1,"minecraft:cherry_planks":54,"minecraft:chest":14,"minecraft:lectern":111,"minecraft:netherrack":4692,"minecraft:crimson_planks":1,"minecraft:beacon":1,"minecraft:stone":1150,"minecraft:gravel":186,"minecraft:bell":1,"minecraft:tuff":66,"minecraft:potato":50,"minecraft:lapis_lazuli":119,"minecraft:ominous_bottle":15,"minecraft:cherry_sapling":2,"minecraft:oak_planks":166,"minecraft:flint_and_steel":6,"minecraft:raw_copper":326,"minecraft:rotten_flesh":78,"minecraft:ancient_debris":11,"minecraft:iron_nugget":15,"minecraft:calcite":3,"minecraft:crimson_slab":1,"minecraft:cracked_stone_bricks":2,"minecraft:iron_door":3,"minecraft:poisonous_potato":1,"minecraft:brewing_stand":3,"minecraft:glass":148,"minecraft:composter":2,"minecraft:flint":20,"minecraft:warped_roots":21,"minecraft:redstone":455,"minecraft:diamond":129,"minecraft:crimson_roots":28,"minecraft:deepslate_iron_ore":4,"minecraft:nether_wart":84,"minecraft:packed_ice":30,"minecraft:cobbled_deepslate_stairs":10,"minecraft:gold_block":2,"minecraft:nether_quartz_ore":169,"minecraft:magma_cream":3,"minecraft:bowl":1,"minecraft:observer":5,"minecraft:polished_blackstone_brick_stairs":1,"minecraft:raw_gold":95,"minecraft:stone_sword":2,"minecraft:mossy_stone_bricks":4,"minecraft:crying_obsidian":28,"minecraft:spruce_planks":3921,"minecraft:dirt":345,"minecraft:rail":75,"minecraft:diamond_helmet":3,"minecraft:iron_shovel":1,"minecraft:torch":33,"minecraft:diamond_pickaxe":16,"minecraft:cherry_log":2,"minecraft:ender_eye":4,"minecraft:bread":5,"minecraft:spruce_log":10925,"minecraft:iron_boots":2,"minecraft:coal":209,"minecraft:birch_planks":2,"minecraft:splash_potion":1,"minecraft:weeping_vines":7,"minecraft:golden_axe":1,"minecraft:anvil":1,"minecraft:hopper":9,"minecraft:totem_of_undying":4,"minecraft:poppy":17,"minecraft:white_wool":6,"minecraft:nether_star":1,"minecraft:potion":3,"minecraft:spruce_fence":1,"minecraft:fletching_table":13,"minecraft:warped_nylium":73,"minecraft:andesite":5,"minecraft:amethyst_shard":24,"minecraft:filled_map":1,"minecraft:coal_ore":50,"minecraft:diamond_axe":7,"minecraft:soul_sand":57,"minecraft:carrot":224,"minecraft:cracked_polished_blackstone_bricks":6,"minecraft:gold_nugget":219,"minecraft:water_bucket":6,"minecraft:gold_ingot":77,"minecraft:baked_potato":169,"minecraft:glow_ink_sac":7,"minecraft:copper_ore":50,"minecraft:fire_charge":4,"minecraft:repeater":10,"minecraft:grindstone":5,"minecraft:cobbled_deepslate":94,"minecraft:glowstone_dust":4,"minecraft:pumpkin_seeds":40,"minecraft:amethyst_block":32,"minecraft:wheat":75,"minecraft:cherry_slab":1,"minecraft:gunpowder":24,"minecraft:nether_gold_ore":44,"minecraft:blackstone":130,"minecraft:blaze_powder":1,"minecraft:chainmail_leggings":7,"minecraft:magma_block":149,"minecraft:lever":1,"minecraft:light_gray_wool":2,"minecraft:amethyst_cluster":2,"minecraft:leaf_litter":16,"minecraft:deepslate_gold_ore":42,"minecraft:grass_block":2,"minecraft:pumpkin":1,"minecraft:piston":9,"minecraft:spider_eye":1,"minecraft:bone_meal":14,"minecraft:dark_oak_log":3,"minecraft:tipped_arrow":1,"minecraft:diorite":34,"minecraft:crafting_table":3,"minecraft:oak_sapling":2,"minecraft:beef":5,"minecraft:wither_skeleton_skull":6,"minecraft:glass_bottle":2,"minecraft:crafter":4,"minecraft:dried_ghast":1,"minecraft:paper":2},"minecraft:killed":{"minecraft:zombified_piglin":7,"minecraft:stray":1,"minecraft:piglin_brute":2,"minecraft:piglin":32,"minecraft:vindicator":15,"minecraft:ravager":2,"minecraft:salmon":2,"minecraft:zombie":61,"minecraft:zombie_villager":3,"minecraft:drowned":1,"minecraft:cow":2,"minecraft:pillager":167,"minecraft:skeleton":33,"minecraft:iron_golem":12,"minecraft:witch":5,"minecraft:villager":8,"minecraft:spider":5,"minecraft:wither":1,"minecraft:wither_skeleton":57,"minecraft:trader_llama":1,"minecraft:creeper":19,"minecraft:enderman":6,"minecraft:hoglin":27,"minecraft:evoker":2,"minecraft:sheep":7,"minecraft:magma_cube":12,"minecraft:vex":1,"minecraft:ghast":3,"minecraft:blaze":59},"minecraft:killed_by":{"minecraft:skeleton":2,"minecraft:vindicator":1,"minecraft:creeper":1,"minecraft:enderman":2,"minecraft:iron_golem":1},"minecraft:broken":{"minecraft:diamond_boots":1},"minecraft:crafted":{"minecraft:diamond_boots":4,"minecraft:smithing_table":1,"minecraft:ender_eye":11,"minecraft:gold_ingot":110,"minecraft:iron_chestplate":12,"minecraft:cookie":144,"minecraft:stick":76949,"minecraft:ender_chest":1,"minecraft:minecart":5,"minecraft:black_dye":1,"minecraft:iron_helmet":1,"minecraft:diamond_axe":1,"minecraft:iron_block":171,"minecraft:diamond_pickaxe":2,"minecraft:chest":31,"minecraft:bookshelf":22,"minecraft:stone_slab":6,"minecraft:air":0,"minecraft:ender_pearl":33,"minecraft:bow":3,"minecraft:repeater":2,"minecraft:redstone":10,"minecraft:bucket":1,"minecraft:bone_meal":549,"minecraft:rib_armor_trim_smithing_template":10,"minecraft:beacon":1,"minecraft:glass_bottle":3,"minecraft:diamond_shovel":1,"minecraft:pumpkin_pie":48,"minecraft:crafter":3,"minecraft:glass":210,"minecraft:blast_furnace":10,"minecraft:redstone_torch":10,"minecraft:spruce_fence":3,"minecraft:suspicious_stew":7,"minecraft:lapis_lazuli":11,"minecraft:oak_planks":112,"minecraft:sugar":6,"minecraft:chainmail_helmet":10,"minecraft:comparator":3,"minecraft:hopper":6,"minecraft:chainmail_leggings":16,"minecraft:spruce_door":3,"minecraft:anvil":4,"minecraft:netherite_ingot":3,"minecraft:smooth_stone":34,"minecraft:white_wool":1,"minecraft:spruce_slab":12,"minecraft:charcoal":2,"minecraft:stonecutter":1,"minecraft:glowstone":18,"minecraft:golden_carrot":36,"minecraft:fletching_table":9,"minecraft:spruce_sign":3,"minecraft:cherry_planks":132,"minecraft:black_harness":1,"minecraft:composter":1,"minecraft:fermented_spider_eye":6,"minecraft:diamond_chestplate":5,"minecraft:diamond_sword":1,"minecraft:emerald":3113,"minecraft:netherite_scrap":14,"minecraft:paper":889,"minecraft:furnace":9,"minecraft:grindstone":1,"minecraft:iron_ingot":585,"minecraft:lead":2,"minecraft:diamond_helmet":4,"minecraft:blaze_powder":12,"minecraft:crafting_table":7,"minecraft:experience_bottle":97,"minecraft:diamond_leggings":4,"minecraft:torch":28,"minecraft:white_bed":2,"minecraft:enchanted_book":52,"minecraft:baked_potato":248,"minecraft:shield":1,"minecraft:dropper":3,"minecraft:observer":31,"minecraft:spruce_planks":17176,"minecraft:black_wool":1,"minecraft:name_tag":3,"minecraft:iron_leggings":20,"minecraft:piston":29,"minecraft:spruce_button":1}},"DataVersion":4440}