{"minecraft:recipes/decorations/crafting_table":{"criteria":{"unlock_right_away":"2025-08-04 04:46:46 +0000"},"done":true},"minecraft:adventure/adventuring_time":{"criteria":{"minecraft:flower_forest":"2025-08-04 04:47:37 +0000","minecraft:river":"2025-08-04 04:48:07 +0000","minecraft:meadow":"2025-08-04 04:46:47 +0000","minecraft:plains":"2025-08-04 04:48:01 +0000"},"done":false},"minecraft:recipes/transportation/mangrove_boat":{"criteria":{"in_water":"2025-08-04 04:47:53 +0000"},"done":true},"minecraft:recipes/transportation/acacia_boat":{"criteria":{"in_water":"2025-08-04 04:47:53 +0000"},"done":true},"minecraft:recipes/transportation/cherry_boat":{"criteria":{"in_water":"2025-08-04 04:47:53 +0000"},"done":true},"minecraft:recipes/transportation/pale_oak_boat":{"criteria":{"in_water":"2025-08-04 04:47:53 +0000"},"done":true},"minecraft:recipes/transportation/bamboo_raft":{"criteria":{"in_water":"2025-08-04 04:47:53 +0000"},"done":true},"minecraft:recipes/transportation/spruce_boat":{"criteria":{"in_water":"2025-08-04 04:47:53 +0000"},"done":true},"minecraft:recipes/transportation/birch_boat":{"criteria":{"in_water":"2025-08-04 04:47:53 +0000"},"done":true},"minecraft:recipes/transportation/oak_boat":{"criteria":{"in_water":"2025-08-04 04:47:53 +0000"},"done":true},"minecraft:recipes/transportation/jungle_boat":{"criteria":{"in_water":"2025-08-04 04:47:53 +0000"},"done":true},"minecraft:recipes/transportation/dark_oak_boat":{"criteria":{"in_water":"2025-08-04 04:47:53 +0000"},"done":true},"minecraft:adventure/root":{"criteria":{"killed_by_something":"2025-08-04 04:49:55 +0000"},"done":true},"minecraft:recipes/food/cooked_chicken_from_campfire_cooking":{"criteria":{"has_chicken":"2025-08-04 04:52:53 +0000"},"done":true},"minecraft:recipes/food/cooked_chicken":{"criteria":{"has_chicken":"2025-08-04 04:52:53 +0000"},"done":true},"minecraft:recipes/food/cooked_chicken_from_smoking":{"criteria":{"has_chicken":"2025-08-04 04:52:53 +0000"},"done":true},"minecraft:husbandry/balanced_diet":{"criteria":{"cooked_porkchop":"2025-08-04 05:05:35 +0000","chicken":"2025-08-04 04:52:57 +0000"},"done":false},"minecraft:husbandry/root":{"criteria":{"consumed_item":"2025-08-04 04:52:57 +0000"},"done":true},"minecraft:recipes/decorations/shulker_box":{"criteria":{"has_shulker_shell":"2025-08-04 04:54:23 +0000"},"done":true},"minecraft:adventure/sleep_in_bed":{"criteria":{"slept_in_bed":"2025-08-04 05:06:51 +0000"},"done":true},"minecraft:recipes/combat/iron_sword":{"criteria":{"has_iron_ingot":"2025-08-04 05:07:42 +0000"},"done":true},"minecraft:recipes/tools/iron_pickaxe":{"criteria":{"has_iron_ingot":"2025-08-04 05:07:42 +0000"},"done":true},"minecraft:recipes/combat/iron_leggings":{"criteria":{"has_iron_ingot":"2025-08-04 05:07:42 +0000"},"done":true},"minecraft:recipes/combat/shield":{"criteria":{"has_iron_ingot":"2025-08-04 05:07:42 +0000"},"done":true},"minecraft:recipes/redstone/hopper":{"criteria":{"has_iron_ingot":"2025-08-04 05:07:42 +0000"},"done":true},"minecraft:recipes/decorations/iron_bars":{"criteria":{"has_iron_ingot":"2025-08-04 05:07:42 +0000"},"done":true},"minecraft:recipes/combat/iron_boots":{"criteria":{"has_iron_ingot":"2025-08-04 05:07:42 +0000"},"done":true},"minecraft:recipes/combat/iron_chestplate":{"criteria":{"has_iron_ingot":"2025-08-04 05:07:42 +0000"},"done":true},"minecraft:recipes/decorations/lantern":{"criteria":{"has_iron_ingot":"2025-08-04 05:07:42 +0000"},"done":true},"minecraft:recipes/misc/iron_nugget":{"criteria":{"has_iron_ingot":"2025-08-04 05:07:42 +0000"},"done":true},"minecraft:recipes/misc/bucket":{"criteria":{"has_iron_ingot":"2025-08-04 05:07:42 +0000"},"done":true},"minecraft:recipes/combat/iron_helmet":{"criteria":{"has_iron_ingot":"2025-08-04 05:07:42 +0000"},"done":true},"minecraft:recipes/transportation/minecart":{"criteria":{"has_iron_ingot":"2025-08-04 05:07:42 +0000"},"done":true},"minecraft:recipes/tools/iron_hoe":{"criteria":{"has_iron_ingot":"2025-08-04 05:07:42 +0000"},"done":true},"minecraft:recipes/tools/iron_shovel":{"criteria":{"has_iron_ingot":"2025-08-04 05:07:42 +0000"},"done":true},"minecraft:story/smelt_iron":{"criteria":{"iron":"2025-08-04 05:07:42 +0000"},"done":true},"minecraft:recipes/tools/shears":{"criteria":{"has_iron_ingot":"2025-08-04 05:07:42 +0000"},"done":true},"minecraft:recipes/redstone/iron_trapdoor":{"criteria":{"has_iron_ingot":"2025-08-04 05:07:42 +0000"},"done":true},"minecraft:recipes/decorations/chain":{"criteria":{"has_iron_ingot":"2025-08-04 05:07:42 +0000"},"done":true},"minecraft:recipes/building_blocks/iron_block":{"criteria":{"has_iron_ingot":"2025-08-04 05:07:42 +0000"},"done":true},"minecraft:recipes/tools/iron_axe":{"criteria":{"has_iron_ingot":"2025-08-04 05:07:42 +0000"},"done":true},"minecraft:recipes/combat/crossbow":{"criteria":{"has_iron_ingot":"2025-08-04 05:07:42 +0000"},"done":true},"minecraft:recipes/decorations/smithing_table":{"criteria":{"has_iron_ingot":"2025-08-04 05:07:42 +0000"},"done":true},"minecraft:recipes/decorations/lodestone":{"criteria":{"has_iron_ingot":"2025-08-04 05:07:42 +0000"},"done":true},"minecraft:recipes/redstone/iron_door":{"criteria":{"has_iron_ingot":"2025-08-04 05:07:42 +0000"},"done":true},"minecraft:recipes/redstone/heavy_weighted_pressure_plate":{"criteria":{"has_iron_ingot":"2025-08-04 05:07:42 +0000"},"done":true},"minecraft:recipes/building_blocks/cherry_slab":{"criteria":{"has_planks":"2025-08-04 05:07:44 +0000"},"done":true},"minecraft:recipes/redstone/cherry_fence_gate":{"criteria":{"has_planks":"2025-08-04 05:07:44 +0000"},"done":true},"minecraft:recipes/decorations/cherry_sign":{"criteria":{"has_planks":"2025-08-04 05:07:44 +0000"},"done":true},"minecraft:recipes/redstone/cherry_pressure_plate":{"criteria":{"has_planks":"2025-08-04 05:07:44 +0000"},"done":true},"minecraft:recipes/decorations/cherry_fence":{"criteria":{"has_planks":"2025-08-04 05:07:44 +0000"},"done":true},"minecraft:recipes/building_blocks/cherry_stairs":{"criteria":{"has_planks":"2025-08-04 05:07:44 +0000"},"done":true},"minecraft:recipes/misc/stick":{"criteria":{"has_planks":"2025-08-04 05:07:44 +0000"},"done":true},"minecraft:recipes/redstone/cherry_trapdoor":{"criteria":{"has_planks":"2025-08-04 05:07:44 +0000"},"done":true},"minecraft:recipes/redstone/cherry_button":{"criteria":{"has_planks":"2025-08-04 05:07:44 +0000"},"done":true},"minecraft:recipes/decorations/barrel":{"criteria":{"has_planks":"2025-08-04 05:07:44 +0000"},"done":true},"minecraft:recipes/redstone/cherry_door":{"criteria":{"has_planks":"2025-08-04 05:07:44 +0000"},"done":true},"minecraft:recipes/redstone/redstone_torch":{"criteria":{"has_redstone":"2025-08-04 05:08:01 +0000"},"done":true},"minecraft:recipes/tools/clock":{"criteria":{"has_redstone":"2025-08-04 05:08:01 +0000"},"done":true},"minecraft:recipes/redstone/dropper":{"criteria":{"has_redstone":"2025-08-04 05:08:01 +0000"},"done":true},"minecraft:recipes/redstone/redstone_block":{"criteria":{"has_redstone":"2025-08-04 05:08:01 +0000"},"done":true},"minecraft:recipes/redstone/note_block":{"criteria":{"has_redstone":"2025-08-04 05:08:01 +0000"},"done":true},"minecraft:recipes/redstone/target":{"criteria":{"has_redstone":"2025-08-04 05:08:01 +0000"},"done":true},"minecraft:recipes/tools/compass":{"criteria":{"has_redstone":"2025-08-04 05:08:01 +0000"},"done":true},"minecraft:recipes/redstone/piston":{"criteria":{"has_redstone":"2025-08-04 05:08:01 +0000"},"done":true},"minecraft:recipes/redstone/lever":{"criteria":{"has_cobblestone":"2025-08-04 05:08:21 +0000"},"done":true},"minecraft:recipes/combat/stone_sword":{"criteria":{"has_cobblestone":"2025-08-04 05:08:21 +0000"},"done":true},"minecraft:recipes/decorations/cobblestone_wall":{"criteria":{"has_cobblestone":"2025-08-04 05:08:21 +0000"},"done":true},"minecraft:recipes/tools/stone_pickaxe":{"criteria":{"has_cobblestone":"2025-08-04 05:08:21 +0000"},"done":true},"minecraft:recipes/tools/stone_axe":{"criteria":{"has_cobblestone":"2025-08-04 05:08:21 +0000"},"done":true},"minecraft:story/mine_stone":{"criteria":{"get_stone":"2025-08-04 05:08:21 +0000"},"done":true},"minecraft:recipes/decorations/furnace":{"criteria":{"has_cobblestone":"2025-08-04 05:08:21 +0000"},"done":true},"minecraft:recipes/building_blocks/cobblestone_slab":{"criteria":{"has_cobblestone":"2025-08-04 05:08:21 +0000"},"done":true},"minecraft:recipes/building_blocks/cobblestone_slab_from_cobblestone_stonecutting":{"criteria":{"has_cobblestone":"2025-08-04 05:08:21 +0000"},"done":true},"minecraft:recipes/building_blocks/stone":{"criteria":{"has_cobblestone":"2025-08-04 05:08:21 +0000"},"done":true},"minecraft:recipes/decorations/cobblestone_wall_from_cobblestone_stonecutting":{"criteria":{"has_cobblestone":"2025-08-04 05:08:21 +0000"},"done":true},"minecraft:recipes/building_blocks/cobblestone_stairs_from_cobblestone_stonecutting":{"criteria":{"has_cobblestone":"2025-08-04 05:08:21 +0000"},"done":true},"minecraft:recipes/building_blocks/cobblestone_stairs":{"criteria":{"has_cobblestone":"2025-08-04 05:08:21 +0000"},"done":true},"minecraft:recipes/tools/stone_hoe":{"criteria":{"has_cobblestone":"2025-08-04 05:08:21 +0000"},"done":true},"minecraft:recipes/tools/stone_shovel":{"criteria":{"has_cobblestone":"2025-08-04 05:08:21 +0000"},"done":true},"minecraft:recipes/redstone/spruce_button":{"criteria":{"has_planks":"2025-08-04 05:08:50 +0000"},"done":true},"minecraft:recipes/redstone/spruce_pressure_plate":{"criteria":{"has_planks":"2025-08-04 05:08:50 +0000"},"done":true},"minecraft:recipes/decorations/spruce_sign":{"criteria":{"has_planks":"2025-08-04 05:08:50 +0000"},"done":true},"minecraft:recipes/redstone/spruce_trapdoor":{"criteria":{"has_planks":"2025-08-04 05:08:50 +0000"},"done":true},"minecraft:recipes/redstone/spruce_door":{"criteria":{"has_planks":"2025-08-04 05:08:50 +0000"},"done":true},"minecraft:recipes/redstone/spruce_fence_gate":{"criteria":{"has_planks":"2025-08-04 05:08:50 +0000"},"done":true},"minecraft:recipes/decorations/spruce_fence":{"criteria":{"has_planks":"2025-08-04 05:08:50 +0000"},"done":true},"minecraft:recipes/building_blocks/spruce_stairs":{"criteria":{"has_planks":"2025-08-04 05:08:50 +0000"},"done":true},"minecraft:recipes/building_blocks/spruce_slab":{"criteria":{"has_planks":"2025-08-04 05:08:50 +0000"},"done":true},"minecraft:recipes/decorations/chest":{"criteria":{"has_the_recipe":"2025-08-04 05:09:12 +0000"},"done":true},"minecraft:recipes/building_blocks/red_stained_glass":{"criteria":{"has_glass":"2025-08-04 05:09:38 +0000"},"done":true},"minecraft:recipes/building_blocks/light_blue_stained_glass":{"criteria":{"has_glass":"2025-08-04 05:09:38 +0000"},"done":true},"minecraft:recipes/brewing/glass_bottle":{"criteria":{"has_glass":"2025-08-04 05:09:38 +0000"},"done":true},"minecraft:recipes/building_blocks/green_stained_glass":{"criteria":{"has_glass":"2025-08-04 05:09:38 +0000"},"done":true},"minecraft:recipes/building_blocks/brown_stained_glass":{"criteria":{"has_glass":"2025-08-04 05:09:38 +0000"},"done":true},"minecraft:recipes/building_blocks/light_gray_stained_glass":{"criteria":{"has_glass":"2025-08-04 05:09:38 +0000"},"done":true},"minecraft:recipes/building_blocks/blue_stained_glass":{"criteria":{"has_glass":"2025-08-04 05:09:38 +0000"},"done":true},"minecraft:recipes/building_blocks/orange_stained_glass":{"criteria":{"has_glass":"2025-08-04 05:09:38 +0000"},"done":true},"minecraft:recipes/building_blocks/cyan_stained_glass":{"criteria":{"has_glass":"2025-08-04 05:09:38 +0000"},"done":true},"minecraft:recipes/building_blocks/pink_stained_glass":{"criteria":{"has_glass":"2025-08-04 05:09:38 +0000"},"done":true},"minecraft:recipes/building_blocks/black_stained_glass":{"criteria":{"has_glass":"2025-08-04 05:09:38 +0000"},"done":true},"minecraft:recipes/building_blocks/gray_stained_glass":{"criteria":{"has_glass":"2025-08-04 05:09:38 +0000"},"done":true},"minecraft:recipes/building_blocks/purple_stained_glass":{"criteria":{"has_glass":"2025-08-04 05:09:38 +0000"},"done":true},"minecraft:recipes/building_blocks/yellow_stained_glass":{"criteria":{"has_glass":"2025-08-04 05:09:38 +0000"},"done":true},"minecraft:recipes/building_blocks/lime_stained_glass":{"criteria":{"has_glass":"2025-08-04 05:09:38 +0000"},"done":true},"minecraft:recipes/decorations/glass_pane":{"criteria":{"has_glass":"2025-08-04 05:09:38 +0000"},"done":true},"minecraft:recipes/building_blocks/magenta_stained_glass":{"criteria":{"has_glass":"2025-08-04 05:09:38 +0000"},"done":true},"minecraft:recipes/building_blocks/white_stained_glass":{"criteria":{"has_glass":"2025-08-04 05:09:38 +0000"},"done":true},"minecraft:recipes/food/suspicious_stew_from_poppy":{"criteria":{"has_poppy":"2025-08-04 05:10:32 +0000"},"done":true},"minecraft:recipes/misc/red_dye_from_poppy":{"criteria":{"has_poppy":"2025-08-04 05:10:32 +0000"},"done":true},"minecraft:recipes/transportation/detector_rail":{"criteria":{"has_rail":"2025-08-04 05:11:24 +0000"},"done":true},"minecraft:recipes/transportation/activator_rail":{"criteria":{"has_rail":"2025-08-04 05:11:24 +0000"},"done":true},"minecraft:recipes/transportation/powered_rail":{"criteria":{"has_rail":"2025-08-04 05:11:24 +0000"},"done":true},"minecraft:recipes/building_blocks/diorite_stairs_from_diorite_stonecutting":{"criteria":{"has_diorite":"2025-08-04 05:12:27 +0000"},"done":true},"minecraft:recipes/building_blocks/polished_diorite":{"criteria":{"has_diorite":"2025-08-04 05:12:27 +0000"},"done":true},"minecraft:recipes/building_blocks/diorite_slab":{"criteria":{"has_diorite":"2025-08-04 05:12:27 +0000"},"done":true},"minecraft:recipes/decorations/diorite_wall_from_diorite_stonecutting":{"criteria":{"has_diorite":"2025-08-04 05:12:27 +0000"},"done":true},"minecraft:recipes/building_blocks/andesite":{"criteria":{"has_stone":"2025-08-04 05:12:27 +0000"},"done":true},"minecraft:recipes/building_blocks/polished_diorite_from_diorite_stonecutting":{"criteria":{"has_diorite":"2025-08-04 05:12:27 +0000"},"done":true},"minecraft:recipes/decorations/diorite_wall":{"criteria":{"has_diorite":"2025-08-04 05:12:27 +0000"},"done":true},"minecraft:recipes/building_blocks/diorite_slab_from_diorite_stonecutting":{"criteria":{"has_diorite":"2025-08-04 05:12:27 +0000"},"done":true},"minecraft:recipes/building_blocks/polished_diorite_slab_from_diorite_stonecutting":{"criteria":{"has_diorite":"2025-08-04 05:12:27 +0000"},"done":true},"minecraft:recipes/building_blocks/polished_diorite_stairs_from_diorite_stonecutting":{"criteria":{"has_diorite":"2025-08-04 05:12:27 +0000"},"done":true},"minecraft:recipes/building_blocks/diorite_stairs":{"criteria":{"has_diorite":"2025-08-04 05:12:27 +0000"},"done":true},"minecraft:recipes/decorations/ladder":{"criteria":{"has_stick":"2025-08-04 05:13:09 +0000"},"done":true},"minecraft:recipes/decorations/campfire":{"criteria":{"has_stick":"2025-08-04 05:13:09 +0000"},"done":true},"minecraft:recipes/tools/wooden_hoe":{"criteria":{"has_stick":"2025-08-04 05:13:09 +0000"},"done":true},"minecraft:recipes/tools/wooden_pickaxe":{"criteria":{"has_stick":"2025-08-04 05:13:09 +0000"},"done":true},"minecraft:recipes/tools/wooden_axe":{"criteria":{"has_stick":"2025-08-04 05:13:09 +0000"},"done":true},"minecraft:recipes/tools/wooden_shovel":{"criteria":{"has_stick":"2025-08-04 05:13:09 +0000"},"done":true},"minecraft:recipes/combat/wooden_sword":{"criteria":{"has_stick":"2025-08-04 05:13:09 +0000"},"done":true},"minecraft:recipes/redstone/repeater":{"criteria":{"has_redstone_torch":"2025-08-04 05:13:39 +0000"},"done":true},"minecraft:recipes/building_blocks/stone_bricks":{"criteria":{"has_stone":"2025-08-04 15:36:31 +0000"},"done":true},"minecraft:recipes/building_blocks/stone_brick_slab_from_stone_stonecutting":{"criteria":{"has_stone":"2025-08-04 15:36:31 +0000"},"done":true},"minecraft:recipes/building_blocks/stone_brick_stairs_from_stone_stonecutting":{"criteria":{"has_stone":"2025-08-04 15:36:31 +0000"},"done":true},"minecraft:recipes/building_blocks/stone_slab_from_stone_stonecutting":{"criteria":{"has_stone":"2025-08-04 15:36:31 +0000"},"done":true},"minecraft:recipes/building_blocks/stone_bricks_from_stone_stonecutting":{"criteria":{"has_stone":"2025-08-04 15:36:31 +0000"},"done":true},"minecraft:recipes/building_blocks/stone_slab":{"criteria":{"has_stone":"2025-08-04 15:36:31 +0000"},"done":true},"minecraft:recipes/building_blocks/chiseled_stone_bricks_stone_from_stonecutting":{"criteria":{"has_stone":"2025-08-04 15:36:31 +0000"},"done":true},"minecraft:recipes/building_blocks/stone_stairs_from_stone_stonecutting":{"criteria":{"has_stone":"2025-08-04 15:36:31 +0000"},"done":true},"minecraft:recipes/redstone/stone_button":{"criteria":{"has_stone":"2025-08-04 15:36:31 +0000"},"done":true},"minecraft:recipes/decorations/stonecutter":{"criteria":{"has_stone":"2025-08-04 15:36:31 +0000"},"done":true},"minecraft:recipes/redstone/stone_pressure_plate":{"criteria":{"has_stone":"2025-08-04 15:36:31 +0000"},"done":true},"minecraft:recipes/building_blocks/smooth_stone":{"criteria":{"has_stone":"2025-08-04 15:36:31 +0000"},"done":true},"minecraft:recipes/decorations/stone_brick_walls_from_stone_stonecutting":{"criteria":{"has_stone":"2025-08-04 15:36:31 +0000"},"done":true},"minecraft:recipes/building_blocks/stone_stairs":{"criteria":{"has_stone":"2025-08-04 15:36:31 +0000"},"done":true},"minecraft:recipes/decorations/grindstone":{"criteria":{"has_stone_slab":"2025-08-04 15:38:27 +0000"},"done":true},"minecraft:recipes/building_blocks/stone_brick_slab":{"criteria":{"has_stone_bricks":"2025-08-04 15:39:28 +0000"},"done":true},"minecraft:recipes/building_blocks/stone_brick_stairs":{"criteria":{"has_stone_bricks":"2025-08-04 15:39:28 +0000"},"done":true},"minecraft:recipes/building_blocks/chiseled_stone_bricks":{"criteria":{"has_tag":"2025-08-04 15:39:28 +0000"},"done":true},"DataVersion":4440}