{"minecraft:recipes/transportation/mangrove_boat":{"criteria":{"in_water":"2025-08-04 04:47:53 +0000"},"done":true},"minecraft:recipes/decorations/crafting_table":{"criteria":{"unlock_right_away":"2025-08-04 04:46:46 +0000"},"done":true},"minecraft:recipes/transportation/acacia_boat":{"criteria":{"in_water":"2025-08-04 04:47:53 +0000"},"done":true},"minecraft:recipes/transportation/cherry_boat":{"criteria":{"in_water":"2025-08-04 04:47:53 +0000"},"done":true},"minecraft:adventure/root":{"criteria":{"killed_by_something":"2025-08-04 04:49:55 +0000"},"done":true},"minecraft:recipes/transportation/pale_oak_boat":{"criteria":{"in_water":"2025-08-04 04:47:53 +0000"},"done":true},"minecraft:adventure/adventuring_time":{"criteria":{"minecraft:flower_forest":"2025-08-04 04:47:37 +0000","minecraft:river":"2025-08-04 04:48:07 +0000","minecraft:meadow":"2025-08-04 04:46:47 +0000","minecraft:plains":"2025-08-04 04:48:01 +0000"},"done":false},"minecraft:recipes/transportation/bamboo_raft":{"criteria":{"in_water":"2025-08-04 04:47:53 +0000"},"done":true},"minecraft:recipes/transportation/spruce_boat":{"criteria":{"in_water":"2025-08-04 04:47:53 +0000"},"done":true},"minecraft:recipes/transportation/birch_boat":{"criteria":{"in_water":"2025-08-04 04:47:53 +0000"},"done":true},"minecraft:recipes/transportation/oak_boat":{"criteria":{"in_water":"2025-08-04 04:47:53 +0000"},"done":true},"minecraft:recipes/transportation/jungle_boat":{"criteria":{"in_water":"2025-08-04 04:47:53 +0000"},"done":true},"minecraft:recipes/transportation/dark_oak_boat":{"criteria":{"in_water":"2025-08-04 04:47:53 +0000"},"done":true},"DataVersion":4440}