{"minecraft:recipes/decorations/crafting_table":{"criteria":{"unlock_right_away":"2025-07-25 20:51:42 +0000"},"done":true},"minecraft:adventure/adventuring_time":{"criteria":{"minecraft:cold_ocean":"2025-07-27 04:53:35 +0000","minecraft:flower_forest":"2025-07-27 04:50:54 +0000","minecraft:beach":"2025-07-27 04:53:17 +0000","minecraft:river":"2025-07-27 04:52:00 +0000","minecraft:meadow":"2025-07-25 20:51:43 +0000","minecraft:plains":"2025-07-27 04:52:14 +0000"},"done":false},"minecraft:adventure/root":{"criteria":{"killed_by_something":"2025-07-27 04:50:57 +0000"},"done":true},"minecraft:recipes/transportation/mangrove_boat":{"criteria":{"in_water":"2025-07-27 04:51:53 +0000"},"done":true},"minecraft:recipes/transportation/acacia_boat":{"criteria":{"in_water":"2025-07-27 04:51:53 +0000"},"done":true},"minecraft:recipes/transportation/cherry_boat":{"criteria":{"in_water":"2025-07-27 04:51:53 +0000"},"done":true},"minecraft:recipes/transportation/pale_oak_boat":{"criteria":{"in_water":"2025-07-27 04:51:53 +0000"},"done":true},"minecraft:recipes/transportation/bamboo_raft":{"criteria":{"in_water":"2025-07-27 04:51:53 +0000"},"done":true},"minecraft:recipes/transportation/spruce_boat":{"criteria":{"in_water":"2025-07-27 04:51:53 +0000"},"done":true},"minecraft:recipes/transportation/birch_boat":{"criteria":{"in_water":"2025-07-27 04:51:53 +0000"},"done":true},"minecraft:recipes/transportation/oak_boat":{"criteria":{"in_water":"2025-07-27 04:51:53 +0000"},"done":true},"minecraft:recipes/transportation/jungle_boat":{"criteria":{"in_water":"2025-07-27 04:51:53 +0000"},"done":true},"minecraft:recipes/transportation/dark_oak_boat":{"criteria":{"in_water":"2025-07-27 04:51:53 +0000"},"done":true},"minecraft:recipes/food/cooked_chicken_from_campfire_cooking":{"criteria":{"has_chicken":"2025-07-27 04:56:01 +0000"},"done":true},"minecraft:recipes/food/cooked_chicken":{"criteria":{"has_chicken":"2025-07-27 04:56:01 +0000"},"done":true},"minecraft:recipes/food/cooked_chicken_from_smoking":{"criteria":{"has_chicken":"2025-07-27 04:56:01 +0000"},"done":true},"minecraft:recipes/combat/arrow":{"criteria":{"has_feather":"2025-07-27 04:56:01 +0000"},"done":true},"minecraft:husbandry/balanced_diet":{"criteria":{"apple":"2025-07-27 04:58:24 +0000","chicken":"2025-07-27 04:56:05 +0000","porkchop":"2025-07-27 04:57:39 +0000"},"done":false},"minecraft:husbandry/root":{"criteria":{"consumed_item":"2025-07-27 04:56:05 +0000"},"done":true},"minecraft:recipes/food/cooked_porkchop":{"criteria":{"has_porkchop":"2025-07-27 04:57:14 +0000"},"done":true},"minecraft:recipes/food/cooked_porkchop_from_campfire_cooking":{"criteria":{"has_porkchop":"2025-07-27 04:57:14 +0000"},"done":true},"minecraft:recipes/food/cooked_porkchop_from_smoking":{"criteria":{"has_porkchop":"2025-07-27 04:57:14 +0000"},"done":true},"minecraft:recipes/misc/iron_nugget_from_smelting":{"criteria":{"has_iron_axe":"2025-07-29 20:13:54 +0000"},"done":true},"minecraft:recipes/misc/iron_nugget_from_blasting":{"criteria":{"has_iron_axe":"2025-07-29 20:13:54 +0000"},"done":true},"minecraft:end/elytra":{"criteria":{"elytra":"2025-08-04 04:33:29 +0000"},"done":true},"DataVersion":4440}