{"minecraft:recipes/decorations/crafting_table":{"criteria":{"unlock_right_away":"2025-07-25 06:21:27 +0000"},"done":true},"minecraft:adventure/adventuring_time":{"criteria":{"minecraft:flower_forest":"2025-07-25 06:21:52 +0000","minecraft:beach":"2025-07-25 18:59:01 +0000","minecraft:forest":"2025-07-25 18:57:33 +0000","minecraft:sunflower_plains":"2025-07-25 06:22:31 +0000","minecraft:river":"2025-07-25 06:21:53 +0000","minecraft:meadow":"2025-07-25 06:21:28 +0000","minecraft:birch_forest":"2025-07-25 18:58:37 +0000","minecraft:plains":"2025-07-25 18:57:49 +0000"},"done":false},"minecraft:adventure/root":{"criteria":{"killed_by_something":"2025-07-25 18:56:35 +0000"},"done":true},"minecraft:recipes/transportation/mangrove_boat":{"criteria":{"in_water":"2025-07-25 19:00:00 +0000"},"done":true},"minecraft:recipes/transportation/acacia_boat":{"criteria":{"in_water":"2025-07-25 19:00:00 +0000"},"done":true},"minecraft:recipes/transportation/cherry_boat":{"criteria":{"in_water":"2025-07-25 19:00:00 +0000"},"done":true},"minecraft:recipes/transportation/pale_oak_boat":{"criteria":{"in_water":"2025-07-25 19:00:00 +0000"},"done":true},"minecraft:recipes/transportation/bamboo_raft":{"criteria":{"in_water":"2025-07-25 19:00:00 +0000"},"done":true},"minecraft:recipes/transportation/spruce_boat":{"criteria":{"in_water":"2025-07-25 19:00:00 +0000"},"done":true},"minecraft:recipes/transportation/birch_boat":{"criteria":{"in_water":"2025-07-25 19:00:00 +0000"},"done":true},"minecraft:recipes/transportation/oak_boat":{"criteria":{"in_water":"2025-07-25 19:00:00 +0000"},"done":true},"minecraft:recipes/transportation/jungle_boat":{"criteria":{"in_water":"2025-07-25 19:00:00 +0000"},"done":true},"minecraft:recipes/transportation/dark_oak_boat":{"criteria":{"in_water":"2025-07-25 19:00:00 +0000"},"done":true},"DataVersion":4440}