{"minecraft:recipes/decorations/crafting_table":{"criteria":{"unlock_right_away":"2025-07-25 18:40:08 +0000"},"done":true},"minecraft:adventure/adventuring_time":{"criteria":{"minecraft:cold_ocean":"2025-07-25 21:20:51 +0000","minecraft:flower_forest":"2025-07-25 18:41:28 +0000","minecraft:beach":"2025-07-25 21:20:31 +0000","minecraft:taiga":"2025-07-30 03:29:47 +0000","minecraft:river":"2025-07-25 18:44:56 +0000","minecraft:snowy_plains":"2025-07-26 23:10:49 +0000","minecraft:dripstone_caves":"2025-07-25 20:37:55 +0000","minecraft:snowy_taiga":"2025-07-30 03:26:19 +0000","minecraft:ice_spikes":"2025-07-27 04:08:09 +0000","minecraft:frozen_ocean":"2025-07-30 03:26:51 +0000","minecraft:frozen_river":"2025-07-26 23:10:48 +0000","minecraft:cherry_grove":"2025-07-25 20:06:13 +0000","minecraft:meadow":"2025-07-25 18:40:09 +0000","minecraft:snowy_beach":"2025-07-30 03:27:25 +0000","minecraft:plains":"2025-07-25 18:41:50 +0000"},"done":false},"minecraft:recipes/decorations/campfire":{"criteria":{"has_coal":"2025-07-25 18:41:58 +0000"},"done":true},"minecraft:recipes/building_blocks/coal_block":{"criteria":{"has_coal":"2025-07-25 18:41:58 +0000"},"done":true},"minecraft:recipes/decorations/torch":{"criteria":{"has_stone_pickaxe":"2025-07-25 18:42:05 +0000"},"done":true},"minecraft:story/upgrade_tools":{"criteria":{"stone_pickaxe":"2025-07-25 18:42:05 +0000"},"done":true},"minecraft:recipes/building_blocks/oak_slab":{"criteria":{"has_planks":"2025-07-25 18:42:06 +0000"},"done":true},"minecraft:recipes/decorations/oak_sign":{"criteria":{"has_planks":"2025-07-25 18:42:06 +0000"},"done":true},"minecraft:recipes/redstone/oak_trapdoor":{"criteria":{"has_planks":"2025-07-25 18:42:06 +0000"},"done":true},"minecraft:recipes/redstone/oak_fence_gate":{"criteria":{"has_planks":"2025-07-25 18:42:06 +0000"},"done":true},"minecraft:recipes/redstone/oak_pressure_plate":{"criteria":{"has_planks":"2025-07-25 18:42:06 +0000"},"done":true},"minecraft:recipes/redstone/oak_door":{"criteria":{"has_planks":"2025-07-25 18:42:06 +0000"},"done":true},"minecraft:recipes/misc/stick":{"criteria":{"has_planks":"2025-07-25 18:42:06 +0000"},"done":true},"minecraft:recipes/building_blocks/oak_stairs":{"criteria":{"has_planks":"2025-07-25 18:42:06 +0000"},"done":true},"minecraft:recipes/decorations/oak_fence":{"criteria":{"has_planks":"2025-07-25 18:42:06 +0000"},"done":true},"minecraft:recipes/decorations/barrel":{"criteria":{"has_planks":"2025-07-25 18:42:06 +0000"},"done":true},"minecraft:recipes/redstone/oak_button":{"criteria":{"has_planks":"2025-07-25 18:42:06 +0000"},"done":true},"minecraft:story/root":{"criteria":{"crafting_table":"2025-07-25 18:42:14 +0000"},"done":true},"minecraft:recipes/misc/charcoal":{"criteria":{"has_log":"2025-07-25 18:42:41 +0000"},"done":true},"minecraft:recipes/building_blocks/oak_planks":{"criteria":{"has_logs":"2025-07-25 18:42:41 +0000"},"done":true},"minecraft:recipes/building_blocks/oak_wood":{"criteria":{"has_log":"2025-07-25 18:42:41 +0000"},"done":true},"minecraft:adventure/root":{"criteria":{"killed_something":"2025-07-25 18:42:55 +0000"},"done":true},"minecraft:recipes/food/cooked_porkchop":{"criteria":{"has_porkchop":"2025-07-25 18:42:56 +0000"},"done":true},"minecraft:recipes/food/cooked_porkchop_from_campfire_cooking":{"criteria":{"has_porkchop":"2025-07-25 18:42:56 +0000"},"done":true},"minecraft:recipes/food/cooked_porkchop_from_smoking":{"criteria":{"has_porkchop":"2025-07-25 18:42:56 +0000"},"done":true},"minecraft:recipes/decorations/chest":{"criteria":{"has_lots_of_items":"2025-07-25 18:43:02 +0000"},"done":true},"minecraft:recipes/building_blocks/birch_planks":{"criteria":{"has_logs":"2025-07-25 18:43:51 +0000"},"done":true},"minecraft:recipes/building_blocks/birch_wood":{"criteria":{"has_log":"2025-07-25 18:43:51 +0000"},"done":true},"minecraft:recipes/decorations/ladder":{"criteria":{"has_stick":"2025-07-25 18:43:52 +0000"},"done":true},"minecraft:recipes/tools/wooden_hoe":{"criteria":{"has_stick":"2025-07-25 18:43:52 +0000"},"done":true},"minecraft:recipes/tools/wooden_pickaxe":{"criteria":{"has_stick":"2025-07-25 18:43:52 +0000"},"done":true},"minecraft:recipes/tools/wooden_axe":{"criteria":{"has_stick":"2025-07-25 18:43:52 +0000"},"done":true},"minecraft:recipes/tools/wooden_shovel":{"criteria":{"has_stick":"2025-07-25 18:43:52 +0000"},"done":true},"minecraft:recipes/combat/wooden_sword":{"criteria":{"has_stick":"2025-07-25 18:43:52 +0000"},"done":true},"minecraft:husbandry/balanced_diet":{"criteria":{"cooked_porkchop":"2025-07-25 19:11:41 +0000","bread":"2025-07-25 19:43:18 +0000","rotten_flesh":"2025-07-29 03:19:55 +0000","suspicious_stew":"2025-08-03 19:50:43 +0000","cooked_mutton":"2025-07-25 18:49:05 +0000","potato":"2025-07-25 19:52:28 +0000","cooked_beef":"2025-07-26 02:45:43 +0000","baked_potato":"2025-07-26 23:49:42 +0000","porkchop":"2025-07-25 18:44:11 +0000","golden_carrot":"2025-07-26 01:05:06 +0000","carrot":"2025-07-25 21:55:27 +0000"},"done":false},"minecraft:husbandry/root":{"criteria":{"consumed_item":"2025-07-25 18:44:11 +0000"},"done":true},"minecraft:recipes/transportation/mangrove_boat":{"criteria":{"in_water":"2025-07-25 18:44:56 +0000"},"done":true},"minecraft:recipes/transportation/acacia_boat":{"criteria":{"in_water":"2025-07-25 18:44:56 +0000"},"done":true},"minecraft:recipes/transportation/cherry_boat":{"criteria":{"in_water":"2025-07-25 18:44:56 +0000"},"done":true},"minecraft:recipes/transportation/pale_oak_boat":{"criteria":{"in_water":"2025-07-25 18:44:56 +0000"},"done":true},"minecraft:recipes/transportation/bamboo_raft":{"criteria":{"in_water":"2025-07-25 18:44:56 +0000"},"done":true},"minecraft:recipes/transportation/spruce_boat":{"criteria":{"in_water":"2025-07-25 18:44:56 +0000"},"done":true},"minecraft:recipes/transportation/birch_boat":{"criteria":{"in_water":"2025-07-25 18:44:56 +0000"},"done":true},"minecraft:recipes/transportation/oak_boat":{"criteria":{"in_water":"2025-07-25 18:44:56 +0000"},"done":true},"minecraft:recipes/transportation/jungle_boat":{"criteria":{"in_water":"2025-07-25 18:44:56 +0000"},"done":true},"minecraft:recipes/transportation/dark_oak_boat":{"criteria":{"in_water":"2025-07-25 18:44:56 +0000"},"done":true},"minecraft:recipes/food/cooked_mutton_from_smoking":{"criteria":{"has_mutton":"2025-07-25 18:46:40 +0000"},"done":true},"minecraft:recipes/food/cooked_mutton":{"criteria":{"has_mutton":"2025-07-25 18:46:40 +0000"},"done":true},"minecraft:recipes/decorations/white_banner":{"criteria":{"has_white_wool":"2025-07-25 18:46:40 +0000"},"done":true},"minecraft:recipes/decorations/painting":{"criteria":{"has_wool":"2025-07-25 18:46:40 +0000"},"done":true},"minecraft:recipes/food/cooked_mutton_from_campfire_cooking":{"criteria":{"has_mutton":"2025-07-25 18:46:40 +0000"},"done":true},"minecraft:recipes/decorations/white_bed":{"criteria":{"has_white_wool":"2025-07-25 18:46:40 +0000"},"done":true},"minecraft:recipes/decorations/white_carpet":{"criteria":{"has_white_wool":"2025-07-25 18:46:40 +0000"},"done":true},"minecraft:recipes/misc/copper_ingot_from_blasting_raw_copper":{"criteria":{"has_raw_copper":"2025-07-25 18:46:53 +0000"},"done":true},"minecraft:recipes/building_blocks/raw_copper_block":{"criteria":{"has_raw_copper":"2025-07-25 18:46:53 +0000"},"done":true},"minecraft:recipes/misc/copper_ingot_from_smelting_raw_copper":{"criteria":{"has_raw_copper":"2025-07-25 18:46:53 +0000"},"done":true},"minecraft:recipes/redstone/lever":{"criteria":{"has_cobblestone":"2025-07-25 18:47:18 +0000"},"done":true},"minecraft:recipes/combat/stone_sword":{"criteria":{"has_cobblestone":"2025-07-25 18:47:18 +0000"},"done":true},"minecraft:recipes/decorations/cobblestone_wall":{"criteria":{"has_cobblestone":"2025-07-25 18:47:18 +0000"},"done":true},"minecraft:recipes/tools/stone_pickaxe":{"criteria":{"has_cobblestone":"2025-07-25 18:47:18 +0000"},"done":true},"minecraft:recipes/tools/stone_axe":{"criteria":{"has_cobblestone":"2025-07-25 18:47:18 +0000"},"done":true},"minecraft:story/mine_stone":{"criteria":{"get_stone":"2025-07-25 18:47:18 +0000"},"done":true},"minecraft:recipes/decorations/furnace":{"criteria":{"has_cobblestone":"2025-07-25 18:47:18 +0000"},"done":true},"minecraft:recipes/building_blocks/cobblestone_slab":{"criteria":{"has_cobblestone":"2025-07-25 18:47:18 +0000"},"done":true},"minecraft:recipes/building_blocks/cobblestone_slab_from_cobblestone_stonecutting":{"criteria":{"has_cobblestone":"2025-07-25 18:47:18 +0000"},"done":true},"minecraft:recipes/building_blocks/stone":{"criteria":{"has_cobblestone":"2025-07-25 18:47:18 +0000"},"done":true},"minecraft:recipes/decorations/cobblestone_wall_from_cobblestone_stonecutting":{"criteria":{"has_cobblestone":"2025-07-25 18:47:18 +0000"},"done":true},"minecraft:recipes/building_blocks/cobblestone_stairs_from_cobblestone_stonecutting":{"criteria":{"has_cobblestone":"2025-07-25 18:47:18 +0000"},"done":true},"minecraft:recipes/building_blocks/cobblestone_stairs":{"criteria":{"has_cobblestone":"2025-07-25 18:47:18 +0000"},"done":true},"minecraft:recipes/tools/stone_hoe":{"criteria":{"has_cobblestone":"2025-07-25 18:47:18 +0000"},"done":true},"minecraft:recipes/tools/stone_shovel":{"criteria":{"has_cobblestone":"2025-07-25 18:47:18 +0000"},"done":true},"minecraft:recipes/decorations/smoker":{"criteria":{"has_furnace":"2025-07-25 18:47:36 +0000"},"done":true},"minecraft:adventure/kill_all_mobs":{"criteria":{"minecraft:pillager":"2025-07-26 00:12:28 +0000","minecraft:blaze":"2025-08-02 23:30:44 +0000","minecraft:skeleton":"2025-07-25 19:11:27 +0000","minecraft:zombified_piglin":"2025-08-02 22:28:45 +0000","minecraft:witch":"2025-07-30 17:48:04 +0000","minecraft:wither_skeleton":"2025-08-02 23:33:21 +0000","minecraft:ravager":"2025-08-03 00:56:30 +0000","minecraft:ghast":"2025-08-02 22:24:28 +0000","minecraft:hoglin":"2025-07-27 00:19:30 +0000","minecraft:piglin":"2025-07-27 00:09:46 +0000","minecraft:vindicator":"2025-07-30 20:02:22 +0000","minecraft:enderman":"2025-07-29 03:14:15 +0000","minecraft:stray":"2025-07-30 20:01:57 +0000","minecraft:magma_cube":"2025-08-02 23:43:58 +0000","minecraft:spider":"2025-07-25 20:08:56 +0000","minecraft:piglin_brute":"2025-08-02 23:07:12 +0000","minecraft:vex":"2025-08-03 01:00:37 +0000","minecraft:zombie":"2025-07-25 19:29:43 +0000","minecraft:creeper":"2025-07-25 20:08:04 +0000","minecraft:drowned":"2025-07-25 21:31:10 +0000","minecraft:zombie_villager":"2025-07-25 21:49:58 +0000","minecraft:evoker":"2025-08-03 01:16:43 +0000"},"done":false},"minecraft:adventure/kill_a_mob":{"criteria":{"minecraft:skeleton":"2025-07-25 19:11:27 +0000"},"done":true},"minecraft:recipes/misc/bone_meal":{"criteria":{"has_bone":"2025-07-25 19:11:28 +0000"},"done":true},"minecraft:recipes/redstone/birch_button":{"criteria":{"has_planks":"2025-07-25 19:17:01 +0000"},"done":true},"minecraft:recipes/redstone/birch_door":{"criteria":{"has_planks":"2025-07-25 19:17:01 +0000"},"done":true},"minecraft:recipes/decorations/birch_fence":{"criteria":{"has_planks":"2025-07-25 19:17:01 +0000"},"done":true},"minecraft:recipes/redstone/birch_trapdoor":{"criteria":{"has_planks":"2025-07-25 19:17:01 +0000"},"done":true},"minecraft:recipes/decorations/birch_sign":{"criteria":{"has_planks":"2025-07-25 19:17:01 +0000"},"done":true},"minecraft:recipes/redstone/birch_fence_gate":{"criteria":{"has_planks":"2025-07-25 19:17:01 +0000"},"done":true},"minecraft:recipes/redstone/birch_pressure_plate":{"criteria":{"has_planks":"2025-07-25 19:17:01 +0000"},"done":true},"minecraft:recipes/building_blocks/birch_slab":{"criteria":{"has_planks":"2025-07-25 19:17:01 +0000"},"done":true},"minecraft:recipes/building_blocks/birch_stairs":{"criteria":{"has_planks":"2025-07-25 19:17:01 +0000"},"done":true},"minecraft:recipes/misc/iron_ingot_from_smelting_raw_iron":{"criteria":{"has_raw_iron":"2025-07-25 19:18:49 +0000"},"done":true},"minecraft:recipes/building_blocks/raw_iron_block":{"criteria":{"has_raw_iron":"2025-07-25 19:18:49 +0000"},"done":true},"minecraft:recipes/misc/iron_ingot_from_blasting_raw_iron":{"criteria":{"has_raw_iron":"2025-07-25 19:18:49 +0000"},"done":true},"minecraft:recipes/combat/iron_sword":{"criteria":{"has_iron_ingot":"2025-07-25 19:19:19 +0000"},"done":true},"minecraft:recipes/tools/iron_pickaxe":{"criteria":{"has_iron_ingot":"2025-07-25 19:19:19 +0000"},"done":true},"minecraft:recipes/combat/iron_leggings":{"criteria":{"has_iron_ingot":"2025-07-25 19:19:19 +0000"},"done":true},"minecraft:recipes/combat/shield":{"criteria":{"has_iron_ingot":"2025-07-25 19:19:19 +0000"},"done":true},"minecraft:recipes/redstone/hopper":{"criteria":{"has_iron_ingot":"2025-07-25 19:19:19 +0000"},"done":true},"minecraft:recipes/decorations/iron_bars":{"criteria":{"has_iron_ingot":"2025-07-25 19:19:19 +0000"},"done":true},"minecraft:recipes/combat/iron_boots":{"criteria":{"has_iron_ingot":"2025-07-25 19:19:19 +0000"},"done":true},"minecraft:recipes/combat/iron_chestplate":{"criteria":{"has_iron_ingot":"2025-07-25 19:19:19 +0000"},"done":true},"minecraft:recipes/decorations/lantern":{"criteria":{"has_iron_ingot":"2025-07-25 19:19:19 +0000"},"done":true},"minecraft:recipes/misc/iron_nugget":{"criteria":{"has_iron_ingot":"2025-07-25 19:19:19 +0000"},"done":true},"minecraft:recipes/misc/bucket":{"criteria":{"has_iron_ingot":"2025-07-25 19:19:19 +0000"},"done":true},"minecraft:recipes/combat/iron_helmet":{"criteria":{"has_iron_ingot":"2025-07-25 19:19:19 +0000"},"done":true},"minecraft:recipes/transportation/minecart":{"criteria":{"has_iron_ingot":"2025-07-25 19:19:19 +0000"},"done":true},"minecraft:recipes/tools/iron_hoe":{"criteria":{"has_iron_ingot":"2025-07-25 19:19:19 +0000"},"done":true},"minecraft:recipes/tools/iron_shovel":{"criteria":{"has_iron_ingot":"2025-07-25 19:19:19 +0000"},"done":true},"minecraft:story/smelt_iron":{"criteria":{"iron":"2025-07-25 19:19:19 +0000"},"done":true},"minecraft:recipes/tools/shears":{"criteria":{"has_iron_ingot":"2025-07-25 19:19:19 +0000"},"done":true},"minecraft:recipes/redstone/iron_trapdoor":{"criteria":{"has_iron_ingot":"2025-07-25 19:19:19 +0000"},"done":true},"minecraft:recipes/decorations/chain":{"criteria":{"has_iron_ingot":"2025-07-25 19:19:19 +0000"},"done":true},"minecraft:recipes/building_blocks/iron_block":{"criteria":{"has_iron_ingot":"2025-07-25 19:19:19 +0000"},"done":true},"minecraft:recipes/tools/iron_axe":{"criteria":{"has_iron_ingot":"2025-07-25 19:19:19 +0000"},"done":true},"minecraft:recipes/combat/crossbow":{"criteria":{"has_iron_ingot":"2025-07-25 19:19:19 +0000"},"done":true},"minecraft:recipes/decorations/smithing_table":{"criteria":{"has_iron_ingot":"2025-07-25 19:19:19 +0000"},"done":true},"minecraft:recipes/decorations/lodestone":{"criteria":{"has_iron_ingot":"2025-07-25 19:19:19 +0000"},"done":true},"minecraft:recipes/redstone/iron_door":{"criteria":{"has_iron_ingot":"2025-07-25 19:19:19 +0000"},"done":true},"minecraft:recipes/redstone/heavy_weighted_pressure_plate":{"criteria":{"has_iron_ingot":"2025-07-25 19:19:19 +0000"},"done":true},"minecraft:recipes/misc/iron_nugget_from_smelting":{"criteria":{"has_iron_sword":"2025-07-25 19:22:22 +0000"},"done":true},"minecraft:recipes/misc/iron_nugget_from_blasting":{"criteria":{"has_iron_sword":"2025-07-25 19:22:22 +0000"},"done":true},"minecraft:adventure/sleep_in_bed":{"criteria":{"slept_in_bed":"2025-07-25 19:22:40 +0000"},"done":true},"minecraft:recipes/food/baked_potato_from_campfire_cooking":{"criteria":{"has_potato":"2025-07-25 19:22:57 +0000"},"done":true},"minecraft:recipes/food/baked_potato_from_smoking":{"criteria":{"has_potato":"2025-07-25 19:22:57 +0000"},"done":true},"minecraft:recipes/food/baked_potato":{"criteria":{"has_potato":"2025-07-25 19:22:57 +0000"},"done":true},"minecraft:recipes/misc/gold_ingot_from_nuggets":{"criteria":{"has_gold_nugget":"2025-07-25 19:22:59 +0000"},"done":true},"minecraft:recipes/brewing/golden_carrot":{"criteria":{"has_gold_nugget":"2025-07-25 19:22:59 +0000"},"done":true},"minecraft:recipes/building_blocks/bookshelf":{"criteria":{"has_book":"2025-07-25 19:23:00 +0000"},"done":true},"minecraft:recipes/redstone/lectern":{"criteria":{"has_book":"2025-07-25 19:23:00 +0000"},"done":true},"minecraft:recipes/building_blocks/chiseled_bookshelf":{"criteria":{"has_book":"2025-07-25 19:23:00 +0000"},"done":true},"minecraft:recipes/misc/writable_book":{"criteria":{"has_book":"2025-07-25 19:23:00 +0000"},"done":true},"minecraft:recipes/misc/wheat":{"criteria":{"has_hay_block":"2025-07-25 19:23:08 +0000"},"done":true},"minecraft:recipes/redstone/target":{"criteria":{"has_hay_block":"2025-07-25 19:23:08 +0000"},"done":true},"minecraft:story/deflect_arrow":{"criteria":{"deflected_projectile":"2025-07-25 19:25:09 +0000"},"done":true},"minecraft:recipes/misc/sugar_from_sugar_cane":{"criteria":{"has_sugar_cane":"2025-07-25 19:26:14 +0000"},"done":true},"minecraft:recipes/misc/paper":{"criteria":{"has_reeds":"2025-07-25 19:26:14 +0000"},"done":true},"minecraft:recipes/transportation/carrot_on_a_stick":{"criteria":{"has_carrot":"2025-07-25 19:50:55 +0000"},"done":true},"minecraft:recipes/food/bread":{"criteria":{"has_wheat":"2025-07-25 19:51:00 +0000"},"done":true},"minecraft:recipes/building_blocks/hay_block":{"criteria":{"has_wheat":"2025-07-25 19:51:00 +0000"},"done":true},"minecraft:recipes/misc/white_dye":{"criteria":{"has_bone_meal":"2025-07-25 19:52:31 +0000"},"done":true},"minecraft:recipes/building_blocks/bone_block":{"criteria":{"has_bone_meal":"2025-07-25 19:52:31 +0000"},"done":true},"minecraft:recipes/misc/red_dye_from_beetroot":{"criteria":{"has_beetroot":"2025-07-25 19:53:30 +0000"},"done":true},"minecraft:recipes/food/beetroot_soup":{"criteria":{"has_beetroot":"2025-07-25 19:53:30 +0000"},"done":true},"minecraft:recipes/building_blocks/lime_concrete_powder":{"criteria":{"has_gravel":"2025-07-25 19:57:26 +0000"},"done":true},"minecraft:recipes/building_blocks/coarse_dirt":{"criteria":{"has_gravel":"2025-07-25 19:57:26 +0000"},"done":true},"minecraft:recipes/building_blocks/light_gray_concrete_powder":{"criteria":{"has_gravel":"2025-07-25 19:57:26 +0000"},"done":true},"minecraft:recipes/building_blocks/pink_concrete_powder":{"criteria":{"has_gravel":"2025-07-25 19:57:26 +0000"},"done":true},"minecraft:recipes/building_blocks/orange_concrete_powder":{"criteria":{"has_gravel":"2025-07-25 19:57:26 +0000"},"done":true},"minecraft:recipes/building_blocks/red_concrete_powder":{"criteria":{"has_gravel":"2025-07-25 19:57:26 +0000"},"done":true},"minecraft:recipes/building_blocks/magenta_concrete_powder":{"criteria":{"has_gravel":"2025-07-25 19:57:26 +0000"},"done":true},"minecraft:recipes/building_blocks/brown_concrete_powder":{"criteria":{"has_gravel":"2025-07-25 19:57:26 +0000"},"done":true},"minecraft:recipes/building_blocks/light_blue_concrete_powder":{"criteria":{"has_gravel":"2025-07-25 19:57:26 +0000"},"done":true},"minecraft:recipes/building_blocks/green_concrete_powder":{"criteria":{"has_gravel":"2025-07-25 19:57:26 +0000"},"done":true},"minecraft:recipes/building_blocks/blue_concrete_powder":{"criteria":{"has_gravel":"2025-07-25 19:57:26 +0000"},"done":true},"minecraft:recipes/building_blocks/yellow_concrete_powder":{"criteria":{"has_gravel":"2025-07-25 19:57:26 +0000"},"done":true},"minecraft:recipes/building_blocks/white_concrete_powder":{"criteria":{"has_gravel":"2025-07-25 19:57:26 +0000"},"done":true},"minecraft:recipes/building_blocks/gray_concrete_powder":{"criteria":{"has_gravel":"2025-07-25 19:57:26 +0000"},"done":true},"minecraft:recipes/building_blocks/black_concrete_powder":{"criteria":{"has_gravel":"2025-07-25 19:57:26 +0000"},"done":true},"minecraft:recipes/building_blocks/purple_concrete_powder":{"criteria":{"has_gravel":"2025-07-25 19:57:26 +0000"},"done":true},"minecraft:recipes/building_blocks/cyan_concrete_powder":{"criteria":{"has_gravel":"2025-07-25 19:57:26 +0000"},"done":true},"minecraft:recipes/decorations/fletching_table":{"criteria":{"has_flint":"2025-07-25 19:57:29 +0000"},"done":true},"minecraft:recipes/tools/flint_and_steel":{"criteria":{"has_flint":"2025-07-25 19:57:29 +0000"},"done":true},"minecraft:recipes/combat/arrow":{"criteria":{"has_flint":"2025-07-25 19:57:29 +0000"},"done":true},"minecraft:recipes/building_blocks/glass":{"criteria":{"has_smelts_to_glass":"2025-07-25 19:57:37 +0000"},"done":true},"minecraft:recipes/building_blocks/sandstone":{"criteria":{"has_sand":"2025-07-25 19:57:37 +0000"},"done":true},"minecraft:recipes/building_blocks/emerald_block":{"criteria":{"has_emerald":"2025-07-25 20:01:35 +0000"},"done":true},"minecraft:adventure/trade":{"criteria":{"traded":"2025-07-25 20:01:35 +0000"},"done":true},"minecraft:recipes/building_blocks/cherry_planks":{"criteria":{"has_log":"2025-07-25 20:06:32 +0000"},"done":true},"minecraft:recipes/building_blocks/cherry_wood":{"criteria":{"has_log":"2025-07-25 20:06:32 +0000"},"done":true},"minecraft:recipes/misc/pink_dye_from_pink_petals":{"criteria":{"has_pink_petals":"2025-07-25 20:07:06 +0000"},"done":true},"minecraft:recipes/misc/firework_rocket_simple":{"criteria":{"has_gunpowder":"2025-07-25 20:08:05 +0000"},"done":true},"minecraft:recipes/redstone/tnt":{"criteria":{"has_gunpowder":"2025-07-25 20:08:05 +0000"},"done":true},"minecraft:recipes/building_blocks/cherry_slab":{"criteria":{"has_planks":"2025-07-25 20:08:14 +0000"},"done":true},"minecraft:recipes/redstone/cherry_fence_gate":{"criteria":{"has_planks":"2025-07-25 20:08:14 +0000"},"done":true},"minecraft:recipes/decorations/cherry_sign":{"criteria":{"has_planks":"2025-07-25 20:08:14 +0000"},"done":true},"minecraft:recipes/redstone/cherry_pressure_plate":{"criteria":{"has_planks":"2025-07-25 20:08:14 +0000"},"done":true},"minecraft:recipes/decorations/cherry_fence":{"criteria":{"has_planks":"2025-07-25 20:08:14 +0000"},"done":true},"minecraft:recipes/building_blocks/cherry_stairs":{"criteria":{"has_planks":"2025-07-25 20:08:14 +0000"},"done":true},"minecraft:recipes/redstone/cherry_trapdoor":{"criteria":{"has_planks":"2025-07-25 20:08:14 +0000"},"done":true},"minecraft:recipes/redstone/cherry_button":{"criteria":{"has_planks":"2025-07-25 20:08:14 +0000"},"done":true},"minecraft:recipes/redstone/cherry_door":{"criteria":{"has_planks":"2025-07-25 20:08:14 +0000"},"done":true},"minecraft:recipes/combat/bow":{"criteria":{"has_string":"2025-07-25 20:08:57 +0000"},"done":true},"minecraft:recipes/tools/fishing_rod":{"criteria":{"has_string":"2025-07-25 20:08:57 +0000"},"done":true},"minecraft:recipes/building_blocks/white_wool_from_string":{"criteria":{"has_string":"2025-07-25 20:08:57 +0000"},"done":true},"minecraft:recipes/redstone/tripwire_hook":{"criteria":{"has_string":"2025-07-25 20:08:57 +0000"},"done":true},"minecraft:recipes/decorations/candle":{"criteria":{"has_string":"2025-07-25 20:08:57 +0000"},"done":true},"minecraft:recipes/decorations/loom":{"criteria":{"has_string":"2025-07-25 20:08:57 +0000"},"done":true},"minecraft:recipes/tools/bundle":{"criteria":{"has_string":"2025-07-25 20:08:57 +0000"},"done":true},"minecraft:recipes/tools/lead":{"criteria":{"has_string":"2025-07-25 20:08:57 +0000"},"done":true},"minecraft:husbandry/bred_all_animals":{"criteria":{"minecraft:cow":"2025-07-25 23:15:06 +0000","minecraft:chicken":"2025-07-25 20:17:07 +0000","minecraft:sheep":"2025-07-29 01:45:36 +0000"},"done":false},"minecraft:husbandry/breed_an_animal":{"criteria":{"bred":"2025-07-25 20:17:07 +0000"},"done":true},"minecraft:story/obtain_armor":{"criteria":{"iron_helmet":"2025-07-25 20:19:37 +0000"},"done":true},"minecraft:recipes/brewing/cauldron":{"criteria":{"has_water_bucket":"2025-07-25 20:19:42 +0000"},"done":true},"minecraft:story/lava_bucket":{"criteria":{"lava_bucket":"2025-07-25 20:20:10 +0000"},"done":true},"minecraft:nether/explore_nether":{"criteria":{"minecraft:crimson_forest":"2025-07-25 20:33:55 +0000","minecraft:nether_wastes":"2025-07-26 01:21:14 +0000","minecraft:soul_sand_valley":"2025-07-29 02:46:16 +0000","minecraft:basalt_deltas":"2025-07-30 03:21:01 +0000","minecraft:warped_forest":"2025-08-02 23:10:11 +0000"},"done":true},"minecraft:nether/root":{"criteria":{"entered_nether":"2025-07-25 20:33:55 +0000"},"done":true},"minecraft:story/enter_the_nether":{"criteria":{"entered_nether":"2025-07-25 20:33:55 +0000"},"done":true},"minecraft:recipes/building_blocks/dripstone_block":{"criteria":{"has_pointed_dripstone":"2025-07-25 20:39:39 +0000"},"done":true},"minecraft:story/iron_tools":{"criteria":{"iron_pickaxe":"2025-07-25 20:54:55 +0000"},"done":true},"minecraft:recipes/building_blocks/polished_deepslate":{"criteria":{"has_cobbled_deepslate":"2025-07-25 20:55:08 +0000"},"done":true},"minecraft:recipes/building_blocks/deepslate_tile_stairs_from_cobbled_deepslate_stonecutting":{"criteria":{"has_cobbled_deepslate":"2025-07-25 20:55:08 +0000"},"done":true},"minecraft:recipes/decorations/deepslate_brick_wall_from_cobbled_deepslate_stonecutting":{"criteria":{"has_cobbled_deepslate":"2025-07-25 20:55:08 +0000"},"done":true},"minecraft:recipes/building_blocks/polished_deepslate_from_cobbled_deepslate_stonecutting":{"criteria":{"has_cobbled_deepslate":"2025-07-25 20:55:08 +0000"},"done":true},"minecraft:recipes/building_blocks/polished_deepslate_slab_from_cobbled_deepslate_stonecutting":{"criteria":{"has_cobbled_deepslate":"2025-07-25 20:55:08 +0000"},"done":true},"minecraft:recipes/building_blocks/deepslate_brick_stairs_from_cobbled_deepslate_stonecutting":{"criteria":{"has_cobbled_deepslate":"2025-07-25 20:55:08 +0000"},"done":true},"minecraft:recipes/building_blocks/deepslate_brick_slab_from_cobbled_deepslate_stonecutting":{"criteria":{"has_cobbled_deepslate":"2025-07-25 20:55:08 +0000"},"done":true},"minecraft:recipes/building_blocks/cobbled_deepslate_slab_from_cobbled_deepslate_stonecutting":{"criteria":{"has_cobbled_deepslate":"2025-07-25 20:55:08 +0000"},"done":true},"minecraft:recipes/building_blocks/deepslate_tile_slab_from_cobbled_deepslate_stonecutting":{"criteria":{"has_cobbled_deepslate":"2025-07-25 20:55:08 +0000"},"done":true},"minecraft:recipes/building_blocks/cobbled_deepslate_stairs":{"criteria":{"has_cobbled_deepslate":"2025-07-25 20:55:08 +0000"},"done":true},"minecraft:recipes/building_blocks/chiseled_deepslate_from_cobbled_deepslate_stonecutting":{"criteria":{"has_cobbled_deepslate":"2025-07-25 20:55:08 +0000"},"done":true},"minecraft:recipes/building_blocks/cobbled_deepslate_slab":{"criteria":{"has_cobbled_deepslate":"2025-07-25 20:55:08 +0000"},"done":true},"minecraft:recipes/decorations/cobbled_deepslate_wall_from_cobbled_deepslate_stonecutting":{"criteria":{"has_cobbled_deepslate":"2025-07-25 20:55:08 +0000"},"done":true},"minecraft:recipes/decorations/deepslate_tile_wall_from_cobbled_deepslate_stonecutting":{"criteria":{"has_cobbled_deepslate":"2025-07-25 20:55:08 +0000"},"done":true},"minecraft:recipes/decorations/cobbled_deepslate_wall":{"criteria":{"has_cobbled_deepslate":"2025-07-25 20:55:08 +0000"},"done":true},"minecraft:recipes/decorations/polished_deepslate_wall_from_cobbled_deepslate_stonecutting":{"criteria":{"has_cobbled_deepslate":"2025-07-25 20:55:08 +0000"},"done":true},"minecraft:recipes/building_blocks/deepslate_bricks_from_cobbled_deepslate_stonecutting":{"criteria":{"has_cobbled_deepslate":"2025-07-25 20:55:08 +0000"},"done":true},"minecraft:recipes/building_blocks/deepslate_tiles_from_cobbled_deepslate_stonecutting":{"criteria":{"has_cobbled_deepslate":"2025-07-25 20:55:08 +0000"},"done":true},"minecraft:recipes/building_blocks/cobbled_deepslate_stairs_from_cobbled_deepslate_stonecutting":{"criteria":{"has_cobbled_deepslate":"2025-07-25 20:55:08 +0000"},"done":true},"minecraft:recipes/building_blocks/deepslate":{"criteria":{"has_cobbled_deepslate":"2025-07-25 20:55:08 +0000"},"done":true},"minecraft:recipes/building_blocks/polished_deepslate_stairs_from_cobbled_deepslate_stonecutting":{"criteria":{"has_cobbled_deepslate":"2025-07-25 20:55:08 +0000"},"done":true},"minecraft:recipes/combat/diamond_leggings":{"criteria":{"has_diamond":"2025-07-25 20:55:57 +0000"},"done":true},"minecraft:recipes/combat/diamond_sword":{"criteria":{"has_diamond":"2025-07-25 20:55:57 +0000"},"done":true},"minecraft:recipes/decorations/jukebox":{"criteria":{"has_diamond":"2025-07-25 20:55:57 +0000"},"done":true},"minecraft:recipes/combat/diamond_chestplate":{"criteria":{"has_diamond":"2025-07-25 20:55:57 +0000"},"done":true},"minecraft:recipes/combat/diamond_helmet":{"criteria":{"has_diamond":"2025-07-25 20:55:57 +0000"},"done":true},"minecraft:recipes/tools/diamond_pickaxe":{"criteria":{"has_diamond":"2025-07-25 20:55:57 +0000"},"done":true},"minecraft:recipes/building_blocks/diamond_block":{"criteria":{"has_diamond":"2025-07-25 20:55:57 +0000"},"done":true},"minecraft:recipes/tools/diamond_hoe":{"criteria":{"has_diamond":"2025-07-25 20:55:57 +0000"},"done":true},"minecraft:recipes/tools/diamond_shovel":{"criteria":{"has_diamond":"2025-07-25 20:55:57 +0000"},"done":true},"minecraft:story/mine_diamond":{"criteria":{"diamond":"2025-07-25 20:55:57 +0000"},"done":true},"minecraft:recipes/tools/diamond_axe":{"criteria":{"has_diamond":"2025-07-25 20:55:57 +0000"},"done":true},"minecraft:recipes/combat/diamond_boots":{"criteria":{"has_diamond":"2025-07-25 20:55:57 +0000"},"done":true},"minecraft:recipes/misc/gold_ingot_from_smelting_raw_gold":{"criteria":{"has_raw_gold":"2025-07-25 20:56:49 +0000"},"done":true},"minecraft:recipes/building_blocks/raw_gold_block":{"criteria":{"has_raw_gold":"2025-07-25 20:56:49 +0000"},"done":true},"minecraft:recipes/misc/gold_ingot_from_blasting_raw_gold":{"criteria":{"has_raw_gold":"2025-07-25 20:56:49 +0000"},"done":true},"minecraft:recipes/combat/leather_helmet":{"criteria":{"has_leather":"2025-07-25 20:59:02 +0000"},"done":true},"minecraft:recipes/combat/leather_leggings":{"criteria":{"has_leather":"2025-07-25 20:59:02 +0000"},"done":true},"minecraft:recipes/decorations/item_frame":{"criteria":{"has_leather":"2025-07-25 20:59:02 +0000"},"done":true},"minecraft:recipes/combat/leather_chestplate":{"criteria":{"has_leather":"2025-07-25 20:59:02 +0000"},"done":true},"minecraft:recipes/combat/leather_boots":{"criteria":{"has_leather":"2025-07-25 20:59:02 +0000"},"done":true},"minecraft:recipes/misc/leather_horse_armor":{"criteria":{"has_leather":"2025-07-25 20:59:02 +0000"},"done":true},"minecraft:recipes/combat/saddle":{"criteria":{"has_leather":"2025-07-25 20:59:02 +0000"},"done":true},"minecraft:recipes/redstone/redstone_torch":{"criteria":{"has_redstone":"2025-07-25 20:59:09 +0000"},"done":true},"minecraft:recipes/tools/clock":{"criteria":{"has_redstone":"2025-07-25 20:59:09 +0000"},"done":true},"minecraft:recipes/redstone/dropper":{"criteria":{"has_redstone":"2025-07-25 20:59:09 +0000"},"done":true},"minecraft:recipes/redstone/redstone_block":{"criteria":{"has_redstone":"2025-07-25 20:59:09 +0000"},"done":true},"minecraft:recipes/redstone/note_block":{"criteria":{"has_redstone":"2025-07-25 20:59:09 +0000"},"done":true},"minecraft:recipes/tools/compass":{"criteria":{"has_redstone":"2025-07-25 20:59:09 +0000"},"done":true},"minecraft:recipes/redstone/piston":{"criteria":{"has_redstone":"2025-07-25 20:59:09 +0000"},"done":true},"minecraft:story/shiny_gear":{"criteria":{"diamond_chestplate":"2025-07-25 21:00:18 +0000"},"done":true},"minecraft:recipes/misc/blue_dye":{"criteria":{"has_lapis_lazuli":"2025-07-25 21:02:44 +0000"},"done":true},"minecraft:recipes/building_blocks/lapis_block":{"criteria":{"has_lapis_lazuli":"2025-07-25 21:02:44 +0000"},"done":true},"minecraft:recipes/transportation/dark_oak_chest_boat":{"criteria":{"has_boat":"2025-07-25 21:21:43 +0000"},"done":true},"minecraft:recipes/transportation/bamboo_chest_raft":{"criteria":{"has_boat":"2025-07-25 21:21:43 +0000"},"done":true},"minecraft:recipes/transportation/spruce_chest_boat":{"criteria":{"has_boat":"2025-07-25 21:21:43 +0000"},"done":true},"minecraft:recipes/transportation/pale_oak_chest_boat":{"criteria":{"has_boat":"2025-07-25 21:21:43 +0000"},"done":true},"minecraft:recipes/transportation/jungle_chest_boat":{"criteria":{"has_boat":"2025-07-25 21:21:43 +0000"},"done":true},"minecraft:recipes/transportation/acacia_chest_boat":{"criteria":{"has_boat":"2025-07-25 21:21:43 +0000"},"done":true},"minecraft:recipes/transportation/mangrove_chest_boat":{"criteria":{"has_boat":"2025-07-25 21:21:43 +0000"},"done":true},"minecraft:recipes/transportation/oak_chest_boat":{"criteria":{"has_boat":"2025-07-25 21:21:43 +0000"},"done":true},"minecraft:recipes/transportation/cherry_chest_boat":{"criteria":{"has_boat":"2025-07-25 21:21:43 +0000"},"done":true},"minecraft:recipes/transportation/birch_chest_boat":{"criteria":{"has_boat":"2025-07-25 21:21:43 +0000"},"done":true},"minecraft:recipes/misc/book":{"criteria":{"has_paper":"2025-07-25 21:32:38 +0000"},"done":true},"minecraft:recipes/decorations/cartography_table":{"criteria":{"has_paper":"2025-07-25 21:32:38 +0000"},"done":true},"minecraft:recipes/decorations/composter":{"criteria":{"has_wood_slab":"2025-07-25 21:33:08 +0000"},"done":true},"minecraft:recipes/misc/iron_ingot_from_iron_block":{"criteria":{"has_iron_block":"2025-07-25 21:39:44 +0000"},"done":true},"minecraft:recipes/decorations/anvil":{"criteria":{"has_iron_block":"2025-07-25 21:39:44 +0000"},"done":true},"minecraft:story/form_obsidian":{"criteria":{"obsidian":"2025-07-25 21:40:48 +0000"},"done":true},"minecraft:recipes/decorations/enchanting_table":{"criteria":{"has_obsidian":"2025-07-25 21:40:48 +0000"},"done":true},"minecraft:recipes/misc/nether_brick":{"criteria":{"has_netherrack":"2025-07-25 22:38:31 +0000"},"done":true},"minecraft:recipes/redstone/observer":{"criteria":{"has_quartz":"2025-07-25 22:38:33 +0000"},"done":true},"minecraft:recipes/redstone/comparator":{"criteria":{"has_quartz":"2025-07-25 22:38:33 +0000"},"done":true},"minecraft:recipes/building_blocks/diorite":{"criteria":{"has_quartz":"2025-07-25 22:38:33 +0000"},"done":true},"minecraft:recipes/building_blocks/granite":{"criteria":{"has_quartz":"2025-07-25 22:38:33 +0000"},"done":true},"minecraft:recipes/building_blocks/quartz_block":{"criteria":{"has_quartz":"2025-07-25 22:38:33 +0000"},"done":true},"minecraft:recipes/redstone/daylight_detector":{"criteria":{"has_quartz":"2025-07-25 22:38:33 +0000"},"done":true},"minecraft:recipes/food/cake":{"criteria":{"has_egg":"2025-07-25 22:44:56 +0000"},"done":true},"minecraft:recipes/brewing/fermented_spider_eye":{"criteria":{"has_spider_eye":"2025-07-25 23:16:36 +0000"},"done":true},"minecraft:recipes/building_blocks/stripped_cherry_wood":{"criteria":{"has_log":"2025-07-25 23:18:39 +0000"},"done":true},"minecraft:recipes/decorations/cherry_hanging_sign":{"criteria":{"has_stripped_logs":"2025-07-25 23:18:39 +0000"},"done":true},"minecraft:recipes/redstone/dispenser":{"criteria":{"has_bow":"2025-07-25 23:51:38 +0000"},"done":true},"minecraft:recipes/building_blocks/red_stained_glass":{"criteria":{"has_glass":"2025-07-25 23:52:24 +0000"},"done":true},"minecraft:recipes/building_blocks/light_blue_stained_glass":{"criteria":{"has_glass":"2025-07-25 23:52:24 +0000"},"done":true},"minecraft:recipes/brewing/glass_bottle":{"criteria":{"has_glass":"2025-07-25 23:52:24 +0000"},"done":true},"minecraft:recipes/building_blocks/green_stained_glass":{"criteria":{"has_glass":"2025-07-25 23:52:24 +0000"},"done":true},"minecraft:recipes/building_blocks/brown_stained_glass":{"criteria":{"has_glass":"2025-07-25 23:52:24 +0000"},"done":true},"minecraft:recipes/building_blocks/light_gray_stained_glass":{"criteria":{"has_glass":"2025-07-25 23:52:24 +0000"},"done":true},"minecraft:recipes/building_blocks/blue_stained_glass":{"criteria":{"has_glass":"2025-07-25 23:52:24 +0000"},"done":true},"minecraft:recipes/building_blocks/orange_stained_glass":{"criteria":{"has_glass":"2025-07-25 23:52:24 +0000"},"done":true},"minecraft:recipes/building_blocks/cyan_stained_glass":{"criteria":{"has_glass":"2025-07-25 23:52:24 +0000"},"done":true},"minecraft:recipes/building_blocks/pink_stained_glass":{"criteria":{"has_glass":"2025-07-25 23:52:24 +0000"},"done":true},"minecraft:recipes/building_blocks/black_stained_glass":{"criteria":{"has_glass":"2025-07-25 23:52:24 +0000"},"done":true},"minecraft:recipes/building_blocks/gray_stained_glass":{"criteria":{"has_glass":"2025-07-25 23:52:24 +0000"},"done":true},"minecraft:recipes/building_blocks/purple_stained_glass":{"criteria":{"has_glass":"2025-07-25 23:52:24 +0000"},"done":true},"minecraft:recipes/building_blocks/yellow_stained_glass":{"criteria":{"has_glass":"2025-07-25 23:52:24 +0000"},"done":true},"minecraft:recipes/building_blocks/lime_stained_glass":{"criteria":{"has_glass":"2025-07-25 23:52:24 +0000"},"done":true},"minecraft:recipes/decorations/glass_pane":{"criteria":{"has_glass":"2025-07-25 23:52:24 +0000"},"done":true},"minecraft:recipes/building_blocks/magenta_stained_glass":{"criteria":{"has_glass":"2025-07-25 23:52:24 +0000"},"done":true},"minecraft:recipes/building_blocks/white_stained_glass":{"criteria":{"has_glass":"2025-07-25 23:52:24 +0000"},"done":true},"minecraft:recipes/food/suspicious_stew_from_poppy":{"criteria":{"has_poppy":"2025-07-25 23:57:08 +0000"},"done":true},"minecraft:recipes/misc/red_dye_from_poppy":{"criteria":{"has_poppy":"2025-07-25 23:57:08 +0000"},"done":true},"minecraft:recipes/decorations/mossy_cobblestone_wall":{"criteria":{"has_mossy_cobblestone":"2025-07-25 23:57:09 +0000"},"done":true},"minecraft:recipes/building_blocks/mossy_cobblestone_slab_from_mossy_cobblestone_stonecutting":{"criteria":{"has_mossy_cobblestone":"2025-07-25 23:57:09 +0000"},"done":true},"minecraft:recipes/building_blocks/mossy_cobblestone_stairs_from_mossy_cobblestone_stonecutting":{"criteria":{"has_mossy_cobblestone":"2025-07-25 23:57:09 +0000"},"done":true},"minecraft:recipes/decorations/mossy_cobblestone_wall_from_mossy_cobblestone_stonecutting":{"criteria":{"has_mossy_cobblestone":"2025-07-25 23:57:09 +0000"},"done":true},"minecraft:recipes/building_blocks/mossy_cobblestone_slab":{"criteria":{"has_mossy_cobblestone":"2025-07-25 23:57:09 +0000"},"done":true},"minecraft:recipes/building_blocks/mossy_cobblestone_stairs":{"criteria":{"has_mossy_cobblestone":"2025-07-25 23:57:09 +0000"},"done":true},"minecraft:recipes/food/cooked_beef_from_smoking":{"criteria":{"has_beef":"2025-07-26 00:01:28 +0000"},"done":true},"minecraft:recipes/food/cooked_beef":{"criteria":{"has_beef":"2025-07-26 00:01:28 +0000"},"done":true},"minecraft:recipes/food/cooked_beef_from_campfire_cooking":{"criteria":{"has_beef":"2025-07-26 00:01:28 +0000"},"done":true},"minecraft:adventure/voluntary_exile":{"criteria":{"voluntary_exile":"2025-07-26 00:12:34 +0000"},"done":true},"minecraft:recipes/misc/sentry_armor_trim_smithing_template":{"criteria":{"has_sentry_armor_trim_smithing_template":"2025-07-26 00:13:46 +0000"},"done":true},"minecraft:recipes/misc/sentry_armor_trim_smithing_template_smithing_trim":{"criteria":{"has_smithing_trim_template":"2025-07-26 00:13:46 +0000"},"done":true},"minecraft:recipes/building_blocks/dark_oak_planks":{"criteria":{"has_log":"2025-07-26 00:13:50 +0000"},"done":true},"minecraft:recipes/building_blocks/dark_oak_wood":{"criteria":{"has_log":"2025-07-26 00:13:50 +0000"},"done":true},"minecraft:recipes/decorations/white_glazed_terracotta":{"criteria":{"has_white_terracotta":"2025-07-26 00:26:16 +0000"},"done":true},"minecraft:recipes/misc/brick":{"criteria":{"has_clay_ball":"2025-07-26 00:26:25 +0000"},"done":true},"minecraft:recipes/building_blocks/clay":{"criteria":{"has_clay_ball":"2025-07-26 00:26:25 +0000"},"done":true},"minecraft:recipes/building_blocks/lime_terracotta":{"criteria":{"has_terracotta":"2025-07-26 00:26:36 +0000"},"done":true},"minecraft:recipes/building_blocks/light_gray_terracotta":{"criteria":{"has_terracotta":"2025-07-26 00:26:36 +0000"},"done":true},"minecraft:recipes/building_blocks/white_terracotta":{"criteria":{"has_terracotta":"2025-07-26 00:26:36 +0000"},"done":true},"minecraft:recipes/building_blocks/orange_terracotta":{"criteria":{"has_terracotta":"2025-07-26 00:26:36 +0000"},"done":true},"minecraft:recipes/building_blocks/red_terracotta":{"criteria":{"has_terracotta":"2025-07-26 00:26:36 +0000"},"done":true},"minecraft:recipes/building_blocks/black_terracotta":{"criteria":{"has_terracotta":"2025-07-26 00:26:36 +0000"},"done":true},"minecraft:recipes/building_blocks/pink_terracotta":{"criteria":{"has_terracotta":"2025-07-26 00:26:36 +0000"},"done":true},"minecraft:recipes/building_blocks/magenta_terracotta":{"criteria":{"has_terracotta":"2025-07-26 00:26:36 +0000"},"done":true},"minecraft:recipes/building_blocks/cyan_terracotta":{"criteria":{"has_terracotta":"2025-07-26 00:26:36 +0000"},"done":true},"minecraft:recipes/building_blocks/blue_terracotta":{"criteria":{"has_terracotta":"2025-07-26 00:26:36 +0000"},"done":true},"minecraft:recipes/building_blocks/light_blue_terracotta":{"criteria":{"has_terracotta":"2025-07-26 00:26:36 +0000"},"done":true},"minecraft:recipes/building_blocks/yellow_terracotta":{"criteria":{"has_terracotta":"2025-07-26 00:26:36 +0000"},"done":true},"minecraft:recipes/building_blocks/purple_terracotta":{"criteria":{"has_terracotta":"2025-07-26 00:26:36 +0000"},"done":true},"minecraft:recipes/building_blocks/gray_terracotta":{"criteria":{"has_terracotta":"2025-07-26 00:26:36 +0000"},"done":true},"minecraft:recipes/building_blocks/green_terracotta":{"criteria":{"has_terracotta":"2025-07-26 00:26:36 +0000"},"done":true},"minecraft:recipes/building_blocks/brown_terracotta":{"criteria":{"has_terracotta":"2025-07-26 00:26:36 +0000"},"done":true},"minecraft:recipes/food/suspicious_stew_from_dandelion":{"criteria":{"has_dandelion":"2025-07-26 00:28:23 +0000"},"done":true},"minecraft:recipes/misc/yellow_dye_from_dandelion":{"criteria":{"has_dandelion":"2025-07-26 00:28:23 +0000"},"done":true},"minecraft:recipes/tools/golden_axe":{"criteria":{"has_gold_ingot":"2025-07-26 00:43:30 +0000"},"done":true},"minecraft:recipes/tools/golden_pickaxe":{"criteria":{"has_gold_ingot":"2025-07-26 00:43:30 +0000"},"done":true},"minecraft:recipes/misc/gold_nugget":{"criteria":{"has_gold_ingot":"2025-07-26 00:43:30 +0000"},"done":true},"minecraft:recipes/tools/golden_shovel":{"criteria":{"has_gold_ingot":"2025-07-26 00:43:30 +0000"},"done":true},"minecraft:recipes/food/golden_apple":{"criteria":{"has_gold_ingot":"2025-07-26 00:43:30 +0000"},"done":true},"minecraft:recipes/combat/golden_boots":{"criteria":{"has_gold_ingot":"2025-07-26 00:43:30 +0000"},"done":true},"minecraft:recipes/combat/golden_helmet":{"criteria":{"has_gold_ingot":"2025-07-26 00:43:30 +0000"},"done":true},"minecraft:recipes/combat/golden_sword":{"criteria":{"has_gold_ingot":"2025-07-26 00:43:30 +0000"},"done":true},"minecraft:recipes/building_blocks/gold_block":{"criteria":{"has_gold_ingot":"2025-07-26 00:43:30 +0000"},"done":true},"minecraft:recipes/combat/golden_chestplate":{"criteria":{"has_gold_ingot":"2025-07-26 00:43:30 +0000"},"done":true},"minecraft:recipes/tools/golden_hoe":{"criteria":{"has_gold_ingot":"2025-07-26 00:43:30 +0000"},"done":true},"minecraft:recipes/redstone/light_weighted_pressure_plate":{"criteria":{"has_gold_ingot":"2025-07-26 00:43:30 +0000"},"done":true},"minecraft:recipes/combat/golden_leggings":{"criteria":{"has_gold_ingot":"2025-07-26 00:43:30 +0000"},"done":true},"minecraft:recipes/misc/leaf_litter":{"criteria":{"has_leaves":"2025-07-26 00:45:40 +0000"},"done":true},"minecraft:recipes/building_blocks/crimson_planks":{"criteria":{"has_logs":"2025-07-26 01:17:52 +0000"},"done":true},"minecraft:recipes/building_blocks/crimson_hyphae":{"criteria":{"has_log":"2025-07-26 01:17:52 +0000"},"done":true},"minecraft:husbandry/plant_seed":{"criteria":{"wheat":"2025-07-26 01:34:41 +0000"},"done":true},"minecraft:adventure/lightning_rod_with_villager_no_fire":{"criteria":{"lightning_rod_with_villager_no_fire":"2025-07-26 01:56:26 +0000"},"done":true},"minecraft:recipes/transportation/chest_minecart":{"criteria":{"has_minecart":"2025-07-26 02:33:41 +0000"},"done":true},"minecraft:recipes/transportation/furnace_minecart":{"criteria":{"has_minecart":"2025-07-26 02:33:41 +0000"},"done":true},"minecraft:recipes/transportation/hopper_minecart":{"criteria":{"has_minecart":"2025-07-26 02:33:41 +0000"},"done":true},"minecraft:recipes/transportation/tnt_minecart":{"criteria":{"has_minecart":"2025-07-26 02:33:41 +0000"},"done":true},"minecraft:recipes/transportation/rail":{"criteria":{"has_minecart":"2025-07-26 02:33:41 +0000"},"done":true},"minecraft:recipes/transportation/detector_rail":{"criteria":{"has_rail":"2025-07-26 02:33:45 +0000"},"done":true},"minecraft:recipes/transportation/activator_rail":{"criteria":{"has_rail":"2025-07-26 02:33:45 +0000"},"done":true},"minecraft:recipes/transportation/powered_rail":{"criteria":{"has_rail":"2025-07-26 02:33:45 +0000"},"done":true},"minecraft:adventure/shoot_arrow":{"criteria":{"shot_arrow":"2025-07-26 02:50:18 +0000"},"done":true},"minecraft:recipes/redstone/repeater":{"criteria":{"has_redstone_torch":"2025-07-26 03:18:36 +0000"},"done":true},"minecraft:recipes/redstone/crimson_button":{"criteria":{"has_planks":"2025-07-26 03:19:41 +0000"},"done":true},"minecraft:recipes/building_blocks/crimson_slab":{"criteria":{"has_planks":"2025-07-26 03:19:41 +0000"},"done":true},"minecraft:recipes/building_blocks/crimson_stairs":{"criteria":{"has_planks":"2025-07-26 03:19:41 +0000"},"done":true},"minecraft:recipes/redstone/crimson_pressure_plate":{"criteria":{"has_planks":"2025-07-26 03:19:41 +0000"},"done":true},"minecraft:recipes/decorations/crimson_fence":{"criteria":{"has_planks":"2025-07-26 03:19:41 +0000"},"done":true},"minecraft:recipes/decorations/crimson_sign":{"criteria":{"has_planks":"2025-07-26 03:19:41 +0000"},"done":true},"minecraft:recipes/redstone/crimson_fence_gate":{"criteria":{"has_planks":"2025-07-26 03:19:41 +0000"},"done":true},"minecraft:recipes/redstone/crimson_door":{"criteria":{"has_planks":"2025-07-26 03:19:41 +0000"},"done":true},"minecraft:recipes/redstone/crimson_trapdoor":{"criteria":{"has_planks":"2025-07-26 03:19:41 +0000"},"done":true},"minecraft:recipes/misc/gold_nugget_from_smelting":{"criteria":{"has_golden_helmet":"2025-07-26 03:28:17 +0000"},"done":true},"minecraft:recipes/misc/gold_nugget_from_blasting":{"criteria":{"has_golden_helmet":"2025-07-26 03:28:17 +0000"},"done":true},"minecraft:recipes/food/cooked_salmon_from_smoking":{"criteria":{"has_salmon":"2025-07-26 22:51:56 +0000"},"done":true},"minecraft:recipes/food/cooked_salmon_from_campfire_cooking":{"criteria":{"has_salmon":"2025-07-26 22:51:56 +0000"},"done":true},"minecraft:recipes/food/cooked_salmon":{"criteria":{"has_salmon":"2025-07-26 22:51:56 +0000"},"done":true},"minecraft:recipes/building_blocks/copper_block":{"criteria":{"has_copper_ingot":"2025-07-26 22:57:59 +0000"},"done":true},"minecraft:recipes/tools/brush":{"criteria":{"has_copper_ingot":"2025-07-26 22:57:59 +0000"},"done":true},"minecraft:recipes/redstone/copper_door":{"criteria":{"has_copper_ingot":"2025-07-26 22:57:59 +0000"},"done":true},"minecraft:recipes/redstone/lightning_rod":{"criteria":{"has_copper_ingot":"2025-07-26 22:57:59 +0000"},"done":true},"minecraft:recipes/redstone/copper_trapdoor":{"criteria":{"has_copper_ingot":"2025-07-26 22:57:59 +0000"},"done":true},"minecraft:recipes/building_blocks/spruce_planks":{"criteria":{"has_logs":"2025-07-26 23:10:57 +0000"},"done":true},"minecraft:recipes/building_blocks/spruce_wood":{"criteria":{"has_log":"2025-07-26 23:10:57 +0000"},"done":true},"minecraft:recipes/redstone/spruce_button":{"criteria":{"has_planks":"2025-07-26 23:24:48 +0000"},"done":true},"minecraft:recipes/redstone/spruce_pressure_plate":{"criteria":{"has_planks":"2025-07-26 23:24:48 +0000"},"done":true},"minecraft:recipes/decorations/spruce_sign":{"criteria":{"has_planks":"2025-07-26 23:24:48 +0000"},"done":true},"minecraft:recipes/redstone/spruce_trapdoor":{"criteria":{"has_planks":"2025-07-26 23:24:48 +0000"},"done":true},"minecraft:recipes/redstone/spruce_door":{"criteria":{"has_planks":"2025-07-26 23:24:48 +0000"},"done":true},"minecraft:recipes/redstone/spruce_fence_gate":{"criteria":{"has_planks":"2025-07-26 23:24:48 +0000"},"done":true},"minecraft:recipes/decorations/spruce_fence":{"criteria":{"has_planks":"2025-07-26 23:24:48 +0000"},"done":true},"minecraft:recipes/building_blocks/spruce_stairs":{"criteria":{"has_planks":"2025-07-26 23:24:48 +0000"},"done":true},"minecraft:recipes/building_blocks/spruce_slab":{"criteria":{"has_planks":"2025-07-26 23:24:48 +0000"},"done":true},"minecraft:recipes/decorations/spruce_hanging_sign":{"criteria":{"has_stripped_logs":"2025-07-26 23:28:51 +0000"},"done":true},"minecraft:recipes/building_blocks/stripped_spruce_wood":{"criteria":{"has_log":"2025-07-26 23:28:51 +0000"},"done":true},"minecraft:recipes/building_blocks/glowstone":{"criteria":{"has_glowstone_dust":"2025-07-27 00:19:49 +0000"},"done":true},"minecraft:recipes/combat/spectral_arrow":{"criteria":{"has_glowstone_dust":"2025-07-27 00:19:49 +0000"},"done":true},"minecraft:recipes/misc/iron_ingot_from_nuggets":{"criteria":{"has_iron_nugget":"2025-07-27 01:00:03 +0000"},"done":true},"minecraft:recipes/building_blocks/stripped_crimson_hyphae":{"criteria":{"has_log":"2025-07-27 01:25:03 +0000"},"done":true},"minecraft:recipes/decorations/crimson_hanging_sign":{"criteria":{"has_stripped_logs":"2025-07-27 01:25:03 +0000"},"done":true},"minecraft:recipes/building_blocks/diorite_stairs_from_diorite_stonecutting":{"criteria":{"has_diorite":"2025-07-27 01:51:07 +0000"},"done":true},"minecraft:recipes/building_blocks/polished_diorite":{"criteria":{"has_diorite":"2025-07-27 01:51:07 +0000"},"done":true},"minecraft:recipes/building_blocks/diorite_slab":{"criteria":{"has_diorite":"2025-07-27 01:51:07 +0000"},"done":true},"minecraft:recipes/decorations/diorite_wall_from_diorite_stonecutting":{"criteria":{"has_diorite":"2025-07-27 01:51:07 +0000"},"done":true},"minecraft:recipes/building_blocks/andesite":{"criteria":{"has_stone":"2025-07-27 01:51:07 +0000"},"done":true},"minecraft:recipes/building_blocks/polished_diorite_from_diorite_stonecutting":{"criteria":{"has_diorite":"2025-07-27 01:51:07 +0000"},"done":true},"minecraft:recipes/decorations/diorite_wall":{"criteria":{"has_diorite":"2025-07-27 01:51:07 +0000"},"done":true},"minecraft:recipes/building_blocks/diorite_slab_from_diorite_stonecutting":{"criteria":{"has_diorite":"2025-07-27 01:51:07 +0000"},"done":true},"minecraft:recipes/building_blocks/polished_diorite_slab_from_diorite_stonecutting":{"criteria":{"has_diorite":"2025-07-27 01:51:07 +0000"},"done":true},"minecraft:recipes/building_blocks/polished_diorite_stairs_from_diorite_stonecutting":{"criteria":{"has_diorite":"2025-07-27 01:51:07 +0000"},"done":true},"minecraft:recipes/building_blocks/diorite_stairs":{"criteria":{"has_diorite":"2025-07-27 01:51:07 +0000"},"done":true},"minecraft:recipes/building_blocks/stone_bricks":{"criteria":{"has_stone":"2025-07-27 03:18:51 +0000"},"done":true},"minecraft:recipes/building_blocks/stone_brick_slab_from_stone_stonecutting":{"criteria":{"has_stone":"2025-07-27 03:18:51 +0000"},"done":true},"minecraft:recipes/building_blocks/stone_brick_stairs_from_stone_stonecutting":{"criteria":{"has_stone":"2025-07-27 03:18:51 +0000"},"done":true},"minecraft:recipes/building_blocks/stone_slab_from_stone_stonecutting":{"criteria":{"has_stone":"2025-07-27 03:18:51 +0000"},"done":true},"minecraft:recipes/building_blocks/stone_bricks_from_stone_stonecutting":{"criteria":{"has_stone":"2025-07-27 03:18:51 +0000"},"done":true},"minecraft:recipes/building_blocks/stone_slab":{"criteria":{"has_stone":"2025-07-27 03:18:51 +0000"},"done":true},"minecraft:recipes/building_blocks/chiseled_stone_bricks_stone_from_stonecutting":{"criteria":{"has_stone":"2025-07-27 03:18:51 +0000"},"done":true},"minecraft:recipes/building_blocks/stone_stairs_from_stone_stonecutting":{"criteria":{"has_stone":"2025-07-27 03:18:51 +0000"},"done":true},"minecraft:recipes/redstone/stone_button":{"criteria":{"has_stone":"2025-07-27 03:18:51 +0000"},"done":true},"minecraft:recipes/decorations/stonecutter":{"criteria":{"has_stone":"2025-07-27 03:18:51 +0000"},"done":true},"minecraft:recipes/redstone/stone_pressure_plate":{"criteria":{"has_stone":"2025-07-27 03:18:51 +0000"},"done":true},"minecraft:recipes/building_blocks/smooth_stone":{"criteria":{"has_stone":"2025-07-27 03:18:51 +0000"},"done":true},"minecraft:recipes/decorations/stone_brick_walls_from_stone_stonecutting":{"criteria":{"has_stone":"2025-07-27 03:18:51 +0000"},"done":true},"minecraft:recipes/building_blocks/stone_stairs":{"criteria":{"has_stone":"2025-07-27 03:18:51 +0000"},"done":true},"minecraft:recipes/decorations/stone_brick_wall":{"criteria":{"has_stone_bricks":"2025-07-27 03:18:58 +0000"},"done":true},"minecraft:recipes/building_blocks/stone_brick_slab_from_stone_bricks_stonecutting":{"criteria":{"has_stone_bricks":"2025-07-27 03:18:58 +0000"},"done":true},"minecraft:recipes/building_blocks/cracked_stone_bricks":{"criteria":{"has_stone_bricks":"2025-07-27 03:18:58 +0000"},"done":true},"minecraft:recipes/building_blocks/stone_brick_stairs_from_stone_bricks_stonecutting":{"criteria":{"has_stone_bricks":"2025-07-27 03:18:58 +0000"},"done":true},"minecraft:recipes/building_blocks/stone_brick_slab":{"criteria":{"has_stone_bricks":"2025-07-27 03:18:58 +0000"},"done":true},"minecraft:recipes/building_blocks/stone_brick_stairs":{"criteria":{"has_stone_bricks":"2025-07-27 03:18:58 +0000"},"done":true},"minecraft:recipes/building_blocks/chiseled_stone_bricks_from_stone_bricks_stonecutting":{"criteria":{"has_stone_bricks":"2025-07-27 03:18:58 +0000"},"done":true},"minecraft:recipes/building_blocks/chiseled_stone_bricks":{"criteria":{"has_tag":"2025-07-27 03:18:58 +0000"},"done":true},"minecraft:recipes/decorations/stone_brick_wall_from_stone_bricks_stonecutting":{"criteria":{"has_stone_bricks":"2025-07-27 03:18:58 +0000"},"done":true},"minecraft:recipes/building_blocks/blue_ice":{"criteria":{"has_packed_ice":"2025-07-27 04:08:08 +0000"},"done":true},"minecraft:recipes/misc/black_dye":{"criteria":{"has_ink_sac":"2025-07-27 04:33:28 +0000"},"done":true},"minecraft:recipes/misc/gold_ingot_from_blasting_nether_gold_ore":{"criteria":{"has_nether_gold_ore":"2025-07-29 02:45:37 +0000"},"done":true},"minecraft:recipes/misc/gold_ingot_from_smelting_nether_gold_ore":{"criteria":{"has_nether_gold_ore":"2025-07-29 02:45:37 +0000"},"done":true},"minecraft:recipes/misc/quartz":{"criteria":{"has_nether_quartz_ore":"2025-07-29 02:45:50 +0000"},"done":true},"minecraft:recipes/misc/quartz_from_blasting":{"criteria":{"has_nether_quartz_ore":"2025-07-29 02:45:50 +0000"},"done":true},"minecraft:recipes/misc/bone_meal_from_bone_block":{"criteria":{"has_bone_block":"2025-07-29 02:46:28 +0000"},"done":true},"minecraft:recipes/decorations/soul_campfire":{"criteria":{"has_soul_sand":"2025-07-29 02:50:21 +0000"},"done":true},"minecraft:recipes/decorations/soul_torch":{"criteria":{"has_soul_sand":"2025-07-29 02:50:21 +0000"},"done":true},"minecraft:recipes/combat/magenta_harness":{"criteria":{"has_dried_ghast":"2025-07-29 02:50:39 +0000"},"done":true},"minecraft:recipes/combat/gray_harness":{"criteria":{"has_dried_ghast":"2025-07-29 02:50:39 +0000"},"done":true},"minecraft:recipes/combat/black_harness":{"criteria":{"has_dried_ghast":"2025-07-29 02:50:39 +0000"},"done":true},"minecraft:recipes/combat/yellow_harness":{"criteria":{"has_dried_ghast":"2025-07-29 02:50:39 +0000"},"done":true},"minecraft:recipes/combat/pink_harness":{"criteria":{"has_dried_ghast":"2025-07-29 02:50:39 +0000"},"done":true},"minecraft:recipes/combat/orange_harness":{"criteria":{"has_dried_ghast":"2025-07-29 02:50:39 +0000"},"done":true},"minecraft:recipes/combat/light_blue_harness":{"criteria":{"has_dried_ghast":"2025-07-29 02:50:39 +0000"},"done":true},"minecraft:recipes/combat/cyan_harness":{"criteria":{"has_dried_ghast":"2025-07-29 02:50:39 +0000"},"done":true},"minecraft:recipes/combat/red_harness":{"criteria":{"has_dried_ghast":"2025-07-29 02:50:39 +0000"},"done":true},"minecraft:recipes/combat/brown_harness":{"criteria":{"has_dried_ghast":"2025-07-29 02:50:39 +0000"},"done":true},"minecraft:recipes/combat/green_harness":{"criteria":{"has_dried_ghast":"2025-07-29 02:50:39 +0000"},"done":true},"minecraft:recipes/combat/purple_harness":{"criteria":{"has_dried_ghast":"2025-07-29 02:50:39 +0000"},"done":true},"minecraft:recipes/combat/white_harness":{"criteria":{"has_dried_ghast":"2025-07-29 02:50:39 +0000"},"done":true},"minecraft:recipes/combat/lime_harness":{"criteria":{"has_dried_ghast":"2025-07-29 02:50:39 +0000"},"done":true},"minecraft:recipes/combat/blue_harness":{"criteria":{"has_dried_ghast":"2025-07-29 02:50:39 +0000"},"done":true},"minecraft:recipes/combat/light_gray_harness":{"criteria":{"has_dried_ghast":"2025-07-29 02:50:39 +0000"},"done":true},"minecraft:recipes/redstone/redstone_lamp":{"criteria":{"has_glowstone":"2025-07-29 03:17:33 +0000"},"done":true},"minecraft:recipes/misc/flower_banner_pattern":{"criteria":{"has_oxeye_daisy":"2025-07-29 14:52:52 +0000"},"done":true},"minecraft:recipes/misc/light_gray_dye_from_oxeye_daisy":{"criteria":{"has_oxeye_daisy":"2025-07-29 14:52:52 +0000"},"done":true},"minecraft:recipes/food/suspicious_stew_from_oxeye_daisy":{"criteria":{"has_oxeye_daisy":"2025-07-29 14:52:52 +0000"},"done":true},"minecraft:husbandry/tame_an_animal":{"criteria":{"tamed_animal":"2025-07-30 01:52:58 +0000"},"done":true},"minecraft:husbandry/complete_catalogue":{"criteria":{"minecraft:british_shorthair":"2025-07-30 01:52:58 +0000"},"done":false},"minecraft:recipes/decorations/grindstone":{"criteria":{"has_stone_slab":"2025-07-30 02:07:39 +0000"},"done":true},"minecraft:recipes/misc/gold_ingot_from_gold_block":{"criteria":{"has_gold_block":"2025-07-30 02:23:24 +0000"},"done":true},"minecraft:recipes/building_blocks/polished_blackstone_brick_slab":{"criteria":{"has_polished_blackstone_bricks":"2025-07-30 02:48:34 +0000"},"done":true},"minecraft:recipes/building_blocks/polished_blackstone_brick_stairs":{"criteria":{"has_polished_blackstone_bricks":"2025-07-30 02:48:34 +0000"},"done":true},"minecraft:recipes/decorations/polished_blackstone_brick_wall_from_polished_blackstone_bricks_stonecutting":{"criteria":{"has_polished_blackstone_bricks":"2025-07-30 02:48:34 +0000"},"done":true},"minecraft:recipes/building_blocks/cracked_polished_blackstone_bricks":{"criteria":{"has_polished_blackstone_bricks":"2025-07-30 02:48:34 +0000"},"done":true},"minecraft:recipes/building_blocks/polished_blackstone_brick_slab_from_polished_blackstone_bricks_stonecutting":{"criteria":{"has_polished_blackstone_bricks":"2025-07-30 02:48:34 +0000"},"done":true},"minecraft:recipes/decorations/polished_blackstone_brick_wall":{"criteria":{"has_polished_blackstone_bricks":"2025-07-30 02:48:34 +0000"},"done":true},"minecraft:recipes/building_blocks/polished_blackstone_brick_stairs_from_polished_blackstone_bricks_stonecutting":{"criteria":{"has_polished_blackstone_bricks":"2025-07-30 02:48:34 +0000"},"done":true},"minecraft:nether/obtain_crying_obsidian":{"criteria":{"crying_obsidian":"2025-07-30 02:48:59 +0000"},"done":true},"minecraft:recipes/decorations/respawn_anchor":{"criteria":{"has_obsidian":"2025-07-30 02:48:59 +0000"},"done":true},"minecraft:recipes/misc/netherite_scrap_from_blasting":{"criteria":{"has_ancient_debris":"2025-07-30 03:15:42 +0000"},"done":true},"minecraft:recipes/misc/netherite_scrap":{"criteria":{"has_ancient_debris":"2025-07-30 03:15:42 +0000"},"done":true},"minecraft:nether/obtain_ancient_debris":{"criteria":{"ancient_debris":"2025-07-30 03:15:42 +0000"},"done":true},"minecraft:recipes/misc/bowl":{"criteria":{"has_brown_mushroom":"2025-07-30 03:20:20 +0000"},"done":true},"minecraft:recipes/food/mushroom_stew":{"criteria":{"has_brown_mushroom":"2025-07-30 03:20:20 +0000"},"done":true},"minecraft:recipes/misc/coast_armor_trim_smithing_template":{"criteria":{"has_coast_armor_trim_smithing_template":"2025-07-30 03:28:28 +0000"},"done":true},"minecraft:recipes/misc/coast_armor_trim_smithing_template_smithing_trim":{"criteria":{"has_smithing_trim_template":"2025-07-30 03:28:28 +0000"},"done":true},"minecraft:nether/brew_potion":{"criteria":{"potion":"2025-07-30 18:20:00 +0000"},"done":true},"minecraft:recipes/misc/coal_from_blasting_coal_ore":{"criteria":{"has_coal_ore":"2025-07-30 19:07:56 +0000"},"done":true},"minecraft:recipes/misc/coal_from_smelting_coal_ore":{"criteria":{"has_coal_ore":"2025-07-30 19:07:56 +0000"},"done":true},"minecraft:recipes/misc/copper_ingot_from_smelting_copper_ore":{"criteria":{"has_copper_ore":"2025-07-30 19:08:12 +0000"},"done":true},"minecraft:recipes/misc/copper_ingot_from_blasting_copper_ore":{"criteria":{"has_copper_ore":"2025-07-30 19:08:12 +0000"},"done":true},"minecraft:adventure/ol_betsy":{"criteria":{"shot_crossbow":"2025-07-30 19:37:02 +0000"},"done":true},"minecraft:recipes/building_blocks/jack_o_lantern":{"criteria":{"has_carved_pumpkin":"2025-07-30 19:48:05 +0000"},"done":true},"minecraft:recipes/food/pumpkin_pie":{"criteria":{"has_carved_pumpkin":"2025-07-30 19:48:05 +0000"},"done":true},"minecraft:recipes/decorations/light_gray_bed":{"criteria":{"has_light_gray_wool":"2025-07-30 19:49:02 +0000"},"done":true},"minecraft:recipes/decorations/light_gray_banner":{"criteria":{"has_light_gray_wool":"2025-07-30 19:49:02 +0000"},"done":true},"minecraft:recipes/decorations/light_gray_carpet":{"criteria":{"has_light_gray_wool":"2025-07-30 19:49:02 +0000"},"done":true},"minecraft:recipes/misc/pumpkin_seeds":{"criteria":{"has_pumpkin":"2025-07-30 19:55:57 +0000"},"done":true},"minecraft:recipes/decorations/glow_item_frame":{"criteria":{"has_glow_ink_sac":"2025-07-30 20:27:21 +0000"},"done":true},"minecraft:recipes/decorations/blast_furnace":{"criteria":{"has_smooth_stone":"2025-07-30 20:38:50 +0000"},"done":true},"minecraft:recipes/building_blocks/smooth_stone_slab":{"criteria":{"has_smooth_stone":"2025-07-30 20:38:50 +0000"},"done":true},"minecraft:recipes/building_blocks/smooth_stone_slab_from_smooth_stone_stonecutting":{"criteria":{"has_smooth_stone":"2025-07-30 20:38:50 +0000"},"done":true},"minecraft:recipes/redstone/crafter":{"criteria":{"has_dropper":"2025-07-30 21:21:23 +0000"},"done":true},"minecraft:recipes/misc/iron_ingot_from_smelting_iron_ore":{"criteria":{"has_iron_ore":"2025-08-02 18:51:23 +0000"},"done":true},"minecraft:recipes/misc/iron_ingot_from_blasting_iron_ore":{"criteria":{"has_iron_ore":"2025-08-02 18:51:23 +0000"},"done":true},"minecraft:recipes/redstone/redstone_from_smelting_deepslate_redstone_ore":{"criteria":{"has_deepslate_redstone_ore":"2025-08-02 18:52:50 +0000"},"done":true},"minecraft:recipes/redstone/redstone_from_blasting_deepslate_redstone_ore":{"criteria":{"has_deepslate_redstone_ore":"2025-08-02 18:52:50 +0000"},"done":true},"minecraft:recipes/misc/iron_ingot_from_blasting_deepslate_iron_ore":{"criteria":{"has_deepslate_iron_ore":"2025-08-02 18:52:52 +0000"},"done":true},"minecraft:recipes/misc/iron_ingot_from_smelting_deepslate_iron_ore":{"criteria":{"has_deepslate_iron_ore":"2025-08-02 18:52:52 +0000"},"done":true},"minecraft:recipes/misc/gold_ingot_from_blasting_deepslate_gold_ore":{"criteria":{"has_deepslate_gold_ore":"2025-08-02 19:08:11 +0000"},"done":true},"minecraft:recipes/misc/gold_ingot_from_smelting_deepslate_gold_ore":{"criteria":{"has_deepslate_gold_ore":"2025-08-02 19:08:11 +0000"},"done":true},"minecraft:recipes/misc/diamond_from_smelting_deepslate_diamond_ore":{"criteria":{"has_deepslate_diamond_ore":"2025-08-02 19:08:17 +0000"},"done":true},"minecraft:recipes/misc/diamond_from_blasting_deepslate_diamond_ore":{"criteria":{"has_deepslate_diamond_ore":"2025-08-02 19:08:17 +0000"},"done":true},"minecraft:recipes/building_blocks/chiseled_tuff_bricks_from_tuff_stonecutting":{"criteria":{"has_tuff":"2025-08-02 19:09:22 +0000"},"done":true},"minecraft:recipes/building_blocks/tuff_bricks_from_tuff_stonecutting":{"criteria":{"has_tuff":"2025-08-02 19:09:22 +0000"},"done":true},"minecraft:recipes/building_blocks/tuff_slab":{"criteria":{"has_tuff":"2025-08-02 19:09:22 +0000"},"done":true},"minecraft:recipes/building_blocks/tuff_brick_slab_from_tuff_stonecutting":{"criteria":{"has_tuff":"2025-08-02 19:09:22 +0000"},"done":true},"minecraft:recipes/decorations/polished_tuff_wall_from_tuff_stonecutting":{"criteria":{"has_tuff":"2025-08-02 19:09:22 +0000"},"done":true},"minecraft:recipes/decorations/tuff_wall":{"criteria":{"has_tuff":"2025-08-02 19:09:22 +0000"},"done":true},"minecraft:recipes/building_blocks/polished_tuff_slab_from_tuff_stonecutting":{"criteria":{"has_tuff":"2025-08-02 19:09:22 +0000"},"done":true},"minecraft:recipes/decorations/tuff_wall_from_tuff_stonecutting":{"criteria":{"has_tuff":"2025-08-02 19:09:22 +0000"},"done":true},"minecraft:recipes/building_blocks/tuff_stairs":{"criteria":{"has_tuff":"2025-08-02 19:09:22 +0000"},"done":true},"minecraft:recipes/decorations/tuff_brick_wall_from_tuff_stonecutting":{"criteria":{"has_tuff":"2025-08-02 19:09:22 +0000"},"done":true},"minecraft:recipes/building_blocks/chiseled_tuff_from_tuff_stonecutting":{"criteria":{"has_tuff":"2025-08-02 19:09:22 +0000"},"done":true},"minecraft:recipes/building_blocks/polished_tuff_stairs_from_tuff_stonecutting":{"criteria":{"has_tuff":"2025-08-02 19:09:22 +0000"},"done":true},"minecraft:recipes/building_blocks/tuff_stairs_from_tuff_stonecutting":{"criteria":{"has_tuff":"2025-08-02 19:09:22 +0000"},"done":true},"minecraft:recipes/building_blocks/tuff_brick_stairs_from_tuff_stonecutting":{"criteria":{"has_tuff":"2025-08-02 19:09:22 +0000"},"done":true},"minecraft:recipes/building_blocks/polished_tuff":{"criteria":{"has_tuff":"2025-08-02 19:09:22 +0000"},"done":true},"minecraft:recipes/building_blocks/tuff_slab_from_tuff_stonecutting":{"criteria":{"has_tuff":"2025-08-02 19:09:22 +0000"},"done":true},"minecraft:recipes/building_blocks/polished_tuff_from_tuff_stonecutting":{"criteria":{"has_tuff":"2025-08-02 19:09:22 +0000"},"done":true},"minecraft:recipes/redstone/calibrated_sculk_sensor":{"criteria":{"has_amethyst_shard":"2025-08-02 19:11:06 +0000"},"done":true},"minecraft:recipes/building_blocks/tinted_glass":{"criteria":{"has_amethyst_shard":"2025-08-02 19:11:06 +0000"},"done":true},"minecraft:recipes/tools/spyglass":{"criteria":{"has_amethyst_shard":"2025-08-02 19:11:06 +0000"},"done":true},"minecraft:recipes/building_blocks/amethyst_block":{"criteria":{"has_amethyst_shard":"2025-08-02 19:11:06 +0000"},"done":true},"minecraft:recipes/misc/lapis_lazuli_from_smelting_deepslate_lapis_ore":{"criteria":{"has_deepslate_lapis_ore":"2025-08-02 19:13:13 +0000"},"done":true},"minecraft:recipes/misc/lapis_lazuli_from_blasting_deepslate_lapis_ore":{"criteria":{"has_deepslate_lapis_ore":"2025-08-02 19:13:13 +0000"},"done":true},"minecraft:recipes/misc/lapis_lazuli_from_blasting_lapis_ore":{"criteria":{"has_lapis_ore":"2025-08-02 19:32:56 +0000"},"done":true},"minecraft:recipes/misc/lapis_lazuli_from_smelting_lapis_ore":{"criteria":{"has_lapis_ore":"2025-08-02 19:32:56 +0000"},"done":true},"minecraft:recipes/building_blocks/stripped_oak_wood":{"criteria":{"has_log":"2025-08-02 21:08:25 +0000"},"done":true},"minecraft:recipes/decorations/oak_hanging_sign":{"criteria":{"has_stripped_logs":"2025-08-02 21:08:25 +0000"},"done":true},"minecraft:recipes/decorations/lime_stained_glass_pane_from_glass_pane":{"criteria":{"has_glass_pane":"2025-08-02 21:10:32 +0000"},"done":true},"minecraft:recipes/decorations/purple_stained_glass_pane_from_glass_pane":{"criteria":{"has_glass_pane":"2025-08-02 21:10:32 +0000"},"done":true},"minecraft:recipes/decorations/blue_stained_glass_pane_from_glass_pane":{"criteria":{"has_glass_pane":"2025-08-02 21:10:32 +0000"},"done":true},"minecraft:recipes/decorations/black_stained_glass_pane_from_glass_pane":{"criteria":{"has_glass_pane":"2025-08-02 21:10:32 +0000"},"done":true},"minecraft:recipes/decorations/light_gray_stained_glass_pane_from_glass_pane":{"criteria":{"has_glass_pane":"2025-08-02 21:10:32 +0000"},"done":true},"minecraft:recipes/decorations/yellow_stained_glass_pane_from_glass_pane":{"criteria":{"has_glass_pane":"2025-08-02 21:10:32 +0000"},"done":true},"minecraft:recipes/decorations/brown_stained_glass_pane_from_glass_pane":{"criteria":{"has_glass_pane":"2025-08-02 21:10:32 +0000"},"done":true},"minecraft:recipes/decorations/red_stained_glass_pane_from_glass_pane":{"criteria":{"has_glass_pane":"2025-08-02 21:10:32 +0000"},"done":true},"minecraft:recipes/decorations/magenta_stained_glass_pane_from_glass_pane":{"criteria":{"has_glass_pane":"2025-08-02 21:10:32 +0000"},"done":true},"minecraft:recipes/decorations/cyan_stained_glass_pane_from_glass_pane":{"criteria":{"has_glass_pane":"2025-08-02 21:10:32 +0000"},"done":true},"minecraft:recipes/decorations/orange_stained_glass_pane_from_glass_pane":{"criteria":{"has_glass_pane":"2025-08-02 21:10:32 +0000"},"done":true},"minecraft:recipes/decorations/light_blue_stained_glass_pane_from_glass_pane":{"criteria":{"has_glass_pane":"2025-08-02 21:10:32 +0000"},"done":true},"minecraft:recipes/decorations/green_stained_glass_pane_from_glass_pane":{"criteria":{"has_glass_pane":"2025-08-02 21:10:32 +0000"},"done":true},"minecraft:recipes/decorations/pink_stained_glass_pane_from_glass_pane":{"criteria":{"has_glass_pane":"2025-08-02 21:10:32 +0000"},"done":true},"minecraft:recipes/decorations/white_stained_glass_pane_from_glass_pane":{"criteria":{"has_glass_pane":"2025-08-02 21:10:32 +0000"},"done":true},"minecraft:recipes/decorations/gray_stained_glass_pane_from_glass_pane":{"criteria":{"has_glass_pane":"2025-08-02 21:10:32 +0000"},"done":true},"minecraft:nether/distract_piglin":{"criteria":{"distract_piglin":"2025-08-02 22:20:00 +0000"},"done":true},"minecraft:recipes/building_blocks/nether_bricks":{"criteria":{"has_nether_brick":"2025-08-02 22:20:06 +0000"},"done":true},"minecraft:recipes/building_blocks/dried_ghast":{"criteria":{"has_ghast_tear":"2025-08-02 22:24:30 +0000"},"done":true},"minecraft:recipes/building_blocks/blackstone_stairs":{"criteria":{"has_blackstone":"2025-08-02 22:27:51 +0000"},"done":true},"minecraft:recipes/building_blocks/blackstone_slab_from_blackstone_stonecutting":{"criteria":{"has_blackstone":"2025-08-02 22:27:51 +0000"},"done":true},"minecraft:recipes/decorations/polished_blackstone_brick_wall_from_blackstone_stonecutting":{"criteria":{"has_blackstone":"2025-08-02 22:27:51 +0000"},"done":true},"minecraft:recipes/building_blocks/polished_blackstone_slab_from_blackstone_stonecutting":{"criteria":{"has_blackstone":"2025-08-02 22:27:51 +0000"},"done":true},"minecraft:recipes/building_blocks/polished_blackstone":{"criteria":{"has_blackstone":"2025-08-02 22:27:51 +0000"},"done":true},"minecraft:recipes/decorations/blackstone_wall":{"criteria":{"has_blackstone":"2025-08-02 22:27:51 +0000"},"done":true},"minecraft:recipes/building_blocks/blackstone_slab":{"criteria":{"has_blackstone":"2025-08-02 22:27:51 +0000"},"done":true},"minecraft:recipes/building_blocks/polished_blackstone_brick_slab_from_blackstone_stonecutting":{"criteria":{"has_blackstone":"2025-08-02 22:27:51 +0000"},"done":true},"minecraft:recipes/building_blocks/polished_blackstone_from_blackstone_stonecutting":{"criteria":{"has_blackstone":"2025-08-02 22:27:51 +0000"},"done":true},"minecraft:recipes/building_blocks/polished_blackstone_brick_stairs_from_blackstone_stonecutting":{"criteria":{"has_blackstone":"2025-08-02 22:27:51 +0000"},"done":true},"minecraft:recipes/building_blocks/polished_blackstone_bricks_from_blackstone_stonecutting":{"criteria":{"has_blackstone":"2025-08-02 22:27:51 +0000"},"done":true},"minecraft:recipes/decorations/blackstone_wall_from_blackstone_stonecutting":{"criteria":{"has_blackstone":"2025-08-02 22:27:51 +0000"},"done":true},"minecraft:recipes/building_blocks/polished_blackstone_stairs_from_blackstone_stonecutting":{"criteria":{"has_blackstone":"2025-08-02 22:27:51 +0000"},"done":true},"minecraft:recipes/decorations/polished_blackstone_wall_from_blackstone_stonecutting":{"criteria":{"has_blackstone":"2025-08-02 22:27:51 +0000"},"done":true},"minecraft:recipes/building_blocks/chiseled_polished_blackstone_from_blackstone_stonecutting":{"criteria":{"has_blackstone":"2025-08-02 22:27:51 +0000"},"done":true},"minecraft:recipes/building_blocks/blackstone_stairs_from_blackstone_stonecutting":{"criteria":{"has_blackstone":"2025-08-02 22:27:51 +0000"},"done":true},"minecraft:recipes/misc/netherite_ingot":{"criteria":{"has_netherite_scrap":"2025-08-02 22:54:36 +0000"},"done":true},"minecraft:recipes/building_blocks/netherite_block":{"criteria":{"has_netherite_ingot":"2025-08-02 22:54:43 +0000"},"done":true},"minecraft:recipes/combat/netherite_boots_smithing":{"criteria":{"has_netherite_ingot":"2025-08-02 22:54:43 +0000"},"done":true},"minecraft:recipes/tools/netherite_shovel_smithing":{"criteria":{"has_netherite_ingot":"2025-08-02 22:54:43 +0000"},"done":true},"minecraft:recipes/combat/netherite_chestplate_smithing":{"criteria":{"has_netherite_ingot":"2025-08-02 22:54:43 +0000"},"done":true},"minecraft:recipes/combat/netherite_sword_smithing":{"criteria":{"has_netherite_ingot":"2025-08-02 22:54:43 +0000"},"done":true},"minecraft:recipes/combat/netherite_leggings_smithing":{"criteria":{"has_netherite_ingot":"2025-08-02 22:54:43 +0000"},"done":true},"minecraft:recipes/tools/netherite_axe_smithing":{"criteria":{"has_netherite_ingot":"2025-08-02 22:54:43 +0000"},"done":true},"minecraft:recipes/tools/netherite_hoe_smithing":{"criteria":{"has_netherite_ingot":"2025-08-02 22:54:43 +0000"},"done":true},"minecraft:recipes/tools/netherite_pickaxe_smithing":{"criteria":{"has_netherite_ingot":"2025-08-02 22:54:43 +0000"},"done":true},"minecraft:recipes/combat/netherite_helmet_smithing":{"criteria":{"has_netherite_ingot":"2025-08-02 22:54:43 +0000"},"done":true},"minecraft:adventure/trim_with_any_armor_pattern":{"criteria":{"armor_trimmed_minecraft:coast_armor_trim_smithing_template_smithing_trim":"2025-08-02 22:57:32 +0000"},"done":true},"minecraft:nether/find_bastion":{"criteria":{"bastion":"2025-08-02 23:05:20 +0000"},"done":true},"minecraft:nether/loot_bastion":{"criteria":{"loot_bastion_other":"2025-08-02 23:05:35 +0000"},"done":true},"minecraft:recipes/misc/snout_armor_trim_smithing_template":{"criteria":{"has_snout_armor_trim_smithing_template":"2025-08-02 23:10:30 +0000"},"done":true},"minecraft:recipes/misc/snout_armor_trim_smithing_template_smithing_trim":{"criteria":{"has_smithing_trim_template":"2025-08-02 23:10:30 +0000"},"done":true},"minecraft:nether/find_fortress":{"criteria":{"fortress":"2025-08-02 23:31:40 +0000"},"done":true},"minecraft:nether/obtain_blaze_rod":{"criteria":{"blaze_rod":"2025-08-02 23:34:22 +0000"},"done":true},"minecraft:recipes/brewing/blaze_powder":{"criteria":{"has_blaze_rod":"2025-08-02 23:34:22 +0000"},"done":true},"minecraft:recipes/brewing/brewing_stand":{"criteria":{"has_blaze_rod":"2025-08-02 23:34:22 +0000"},"done":true},"minecraft:recipes/misc/rib_armor_trim_smithing_template_smithing_trim":{"criteria":{"has_smithing_trim_template":"2025-08-02 23:41:17 +0000"},"done":true},"minecraft:recipes/misc/rib_armor_trim_smithing_template":{"criteria":{"has_rib_armor_trim_smithing_template":"2025-08-02 23:41:17 +0000"},"done":true},"minecraft:recipes/building_blocks/nether_wart_block":{"criteria":{"has_nether_wart":"2025-08-02 23:41:54 +0000"},"done":true},"minecraft:recipes/building_blocks/red_nether_bricks":{"criteria":{"has_nether_wart":"2025-08-02 23:41:54 +0000"},"done":true},"minecraft:nether/return_to_sender":{"criteria":{"killed_ghast":"2025-08-02 23:43:27 +0000"},"done":true},"minecraft:nether/get_wither_skull":{"criteria":{"wither_skull":"2025-08-02 23:55:51 +0000"},"done":true},"minecraft:recipes/misc/skull_banner_pattern":{"criteria":{"has_wither_skeleton_skull":"2025-08-02 23:55:51 +0000"},"done":true},"minecraft:recipes/building_blocks/magma_block":{"criteria":{"has_magma_cream":"2025-08-03 00:11:23 +0000"},"done":true},"minecraft:adventure/hero_of_the_village":{"criteria":{"hero_of_the_village":"2025-08-03 01:26:29 +0000"},"done":true},"minecraft:recipes/brewing/magma_cream":{"criteria":{"has_blaze_powder":"2025-08-03 02:32:31 +0000"},"done":true},"minecraft:recipes/misc/ender_eye":{"criteria":{"has_blaze_powder":"2025-08-03 02:32:31 +0000"},"done":true},"minecraft:recipes/misc/fire_charge":{"criteria":{"has_blaze_powder":"2025-08-03 02:32:31 +0000"},"done":true},"minecraft:recipes/decorations/end_crystal":{"criteria":{"has_ender_eye":"2025-08-03 02:32:34 +0000"},"done":true},"minecraft:recipes/decorations/ender_chest":{"criteria":{"has_ender_eye":"2025-08-03 02:32:34 +0000"},"done":true},"DataVersion":4440}